rank,name,alternates,distance_ly,x,y,z,spectral_class,spectral_type,luminosity,magnitude,star_count,wikipedia
1,Proxima Centauri,Gl 551,4.23,-1.54,-1.18,-3.75,M,M5Ve,0.0000577032135333,11.01,1,Proxima_Centauri
2,Rigil Kentaurus and Toliman,Gl 559|Alp1Cen,4.32,-1.62,-1.35,-3.77,G,G2V,1.9840818821084296,-0.01,2,Rigil_Kentaurus
3,Barnard's Star,Gl 699,5.95,-0.06,-5.92,0.49,M,sdM4,0.0004425883723626,9.54,1,Barnard's_Star
4,Wolf 359,Gl 406,7.8,-7.45,2.12,0.95,M,M6,0.000020758692705,13.45,1,Wolf_359
5,Lalande 21185,Gl 411,8.31,-6.52,1.64,4.88,M,M2V,0.0057016427228074665,7.49,1,Lalande_21185
6,Gl 65 A and B,Gl 65,8.57,7.41,3.41,-2.64,M,dM5.5e,0.0001063182464429,12.57,2,
7,Sirius A and B,Gl 244|9Alp CMa,8.6,-1.61,8.08,-2.47,A,A0m...,22.82698229878554,-1.44,2,Sirius
8,Ross 154,Gl 729,9.69,1.91,-8.65,-3.91,M,M3.5Ve,0.0005465123745199,10.37,1,Ross_154
9,Ross 248,Gl 905,10.33,7.38,-0.58,7.19,M,dM6  e,0.0001060718149635,12.29,1,Ross_248
10,Ran,Gl 144|18Eps Eri,10.49,6.19,8.29,-1.72,K,K2V,0.2929543829769431,3.72,1,Ran
11,Lacaille 9352,Gl 887,10.68,8.42,-2.03,-6.26,M,M2/M3V,0.010734949358052354,7.35,1,Lacaille_9352
12,Ross 128,Gl 447,10.94,-10.93,0.59,0.15,M,M4.5V,0.0003496230040027,11.12,1,Ross_128
13,EZ Aqr,Gl 866A,11.08,10.01,-3.72,-2.92,M,M5  e,0.0000867760744991,12.66,1,EZ_Aqr
14,Gl 820 A and B,Gl 820|61    Cyg,11.37,6.46,-6.08,7.12,K,K5V,0.1285778448647328,5.2,2,
15,Procyon A and B,Gl 280|10Alp CMi,11.46,-4.79,10.36,1.04,F,F5IV-V,7.441022904202234,0.4,2,Procyon
16,Struve 2398 A and B,Struve 2398|Gl 725,11.64,1.09,-5.78,10.04,K,K5,0.0043160284994637034,8.94,2,Struve_2398_A
17,Groombridge 34 A and B,Gl 15,11.7,8.39,0.67,8.13,M,M1V,0.006927922977299607,8.09,2,Groombridge_34
18,Gl 845,Eps Ind,11.81,5.65,-3.15,-9.88,K,K5V,0.15205475297324955,4.69,1,
19,GJ 1111,,11.83,-6.42,8.38,5.33,M,M6.5,0.0000136395486751,14.81,1,
20,Gl 71,52Tau Cet,11.91,10.29,5.02,-3.27,G,G8V,0.46644452520377955,3.49,1,
21,Gl 54.1,,12.03,10.94,3.58,-3.52,M,M5.5Ve,0.0001713957307508,12.1,1,
22,HIP 82724,,12.06,-1.57,-5.36,-10.68,M,Mp,0.000216570849471,11.85,1,
23,Luyten's Star,Gl 273,12.4,-4.6,11.46,1.13,M,M5,0.0014588142602753474,9.84,1,Luyten's_Star
24,Kapteyn's Star,Gl 191,12.76,1.89,8.82,-9.03,M,M0V,0.0038089037649813515,8.86,1,Kapteyn's_Star
25,Lacaille 8760,Gl 825,12.87,7.6,-6.53,-8.08,M,M1/M2V,0.028602236939542804,6.69,1,Lacaille_8760
26,Kruger 60 A and B,Gl 860,13.05,6.42,-2.72,11.03,M,M2V,0.002456509244517825,9.59,2,Kruger_60
27,Ross 614 A and B,Gl 234,13.46,-1.72,13.33,-0.66,M,M4.5Ve,0.0005500289402794,11.12,2,Ross_614
28,HIP 82725,,13.52,-1.77,-6.01,-11.99,,,0.000307043565073,11.72,1,
29,Van Maanen's Star,Gl 35,13.9,13.53,2.95,1.31,D,DG,0.0001783199772233,12.37,1,Van_Maanen's_Star
30,Wolf 1061,Gl 628,14,-5.21,-12.63,-3.07,M,M4,0.0014628506869998534,10.1,1,Wolf_1061
31,GJ 1061,,14,5.87,8.07,-9.81,M,M4.5,0.000098446436398,13.03,1,
32,Gl 473 A and B,Gl 473,14.05,-13.73,-2.01,2.2,M,dM5.5eJ,0.0001756045160879,13.04,2,
33,Gl 1,,14.15,11.25,0.27,-8.59,M,M2V,0.0061773185859152,8.56,1,
34,GJ 3522,,14.56,-10.14,10.23,2.15,K,k,0.0007648917910071,10.89,1,
35,Gl 83.1,,14.57,12.28,7.11,3.29,M,dM8  e,0.0002130100037411,12.28,1,
36,GJ 3618,,14.64,-6.67,2.28,-12.83,M,m,0.000047424198526,13.92,1,
37,GJ 3622,,14.76,-13.77,4.46,-2.9,M,M6.5,0.0000102612436519,15.6,1,
38,Gl 687,,14.77,-0.56,-5.42,13.73,M,M3.5Vvar,0.003908408957924021,9.15,1,
39,Gl 674,,14.81,-1.38,-10.02,-10.81,K,K5,0.0031798014276915245,9.38,1,
40,Gl 440,,15.03,-6.38,0.4,-13.6,D,DC:,0.0004647292416762,11.5,1,
41,Gl 876,,15.29,14.2,-4.25,-3.77,M,M5,0.001651961798229015,10.16,1,
42,GJ 1002,,15.33,15.18,0.45,-2.01,M,M5-5.5,0.0000608135001279,13.75,1,
43,GJ 1245 A and B,GJ 1245,15.38,5.24,-9.66,10.77,M,M5.5 V e,0.00013200848613389998,13.41,2,
44,Gl 412 A and B,Gl 412,15.81,-11.14,2.7,10.89,M,M2Vvar,0.006105508924746642,8.82,2,
45,Gl 380,,15.89,-9.19,4.72,12.08,K,K8V,0.04738053933388253,6.6,1,
46,Gl 388,,16,-13.63,6.38,5.44,M,M4.5Ve,0.003640826637894008,9.4,1,
47,Gl 832,,16.16,8.51,-6.32,-12.2,M,M1V,0.0073451386815711435,8.66,1,
48,GJ 1005A,,16.26,15.59,1.05,-4.52,M,M:,0.0005490349610252,11.49,1,
49,Keid A and B and C,Gl 166|40Omi2Eri,16.26,7.11,14.46,-2.16,K,K1V,0.36996585005717614,4.43,3,Keid
50,Gl 682,,16.56,-1.18,-11.79,-11.57,M,M5,0.000945366045958,10.94,1,
51,Gl 702 A and B,Gl 702|70    Oph,16.58,0.39,-16.56,0.72,K,K0V SB,0.6397488137091152,4.03,2,
52,Gl 873,,16.71,11.35,-3.75,11.68,M,M4.5Ve,0.0017490410399663018,10.29,1,
53,Altair,Gl 768|53Alp Aql,16.73,7.68,-14.64,2.58,A,A7IV-V,11.376272858234303,0.76,1,Altair
54,GJ 1116 A and B,GJ 1116,17.05,-11.26,11.43,5.76,M,m,0.0000821551892404,14.06,2,
55,HIP 67593,,17.37,-14.07,-7.4,7,,,0.0001171655673911,13.31,1,
56,Gl 445,,17.45,-3.42,0.18,17.11,M,M4,0.0011934383792107956,10.8,1,
57,GJ 3379,,17.51,0,17.49,0.83,M,M4,0.0007372249081043,11.33,1,
58,Gl 526,,17.58,-15.22,-7.56,4.52,M,M3V,0.010452014414584357,8.46,1,
59,HD 104901,,17.99,-8.45,-0.18,-15.89,F,F0Ib-II,0.024842768936968018,7.57,1,
60,Gl 169.1 A and B,Gl 169.1,18.19,3.54,8.68,15.59,,,0.00155268600997906,10.82,2,
61,HD 265866,,18.22,-3.61,14.8,10,K,K:...,0.0030088462766457236,9.89,1,
62,HIP 83609,,18.32,-3.6,-14.79,-10.18,G,G0,0.005480245321768504,9.25,1,
63,Gl 205,,18.45,2.29,18.27,-1.18,M,M1V,0.018080065521100055,7.97,1,
64,Gl 754,,18.56,4.49,-12.2,-13.26,M,M4.5,0.0003617428867642,12.23,1,
65,HIP 103039,,18.63,12.19,-13.01,-5.44,,,0.0007755324957586,11.41,1,
66,Gl 229,,18.77,-0.8,17.4,-6.99,M,M1/M2V,0.015848931924611134,8.15,1,
67,Alsafi,Gl 764|61Sig Dra,18.77,2.56,-6,17.6,K,K0V,0.39084089579240183,4.67,1,Alsafi
68,Gl 251,,18.79,-3.72,15.26,10.31,M,dM4,0.0028628592708721187,10.01,1,
69,Gl 213,,19.01,1.44,18.51,4.11,M,M5,0.0007033961712162,11.56,1,
70,Gl 693,,19.02,-0.6,-10.25,-16.01,M,M5,0.0014845676750522715,10.75,1,
71,Gl 570 A and B,Gl 570,19.05,-12.68,-12.4,-6.96,K,K4V,0.17216318963618576,5.72,2,
72,Gl 752 A and B,Gl 752,19.15,6.28,-18,1.72,M,M3.5V,0.006751335801021473,9.12,2,
73,Gl 300,,19.19,-9.76,14.94,-7.05,M,M4,0.0004357124805031,12.1,1,
74,Gl 588,,19.34,-8.74,-11.62,-12.76,M,M0,0.005780960474057175,9.31,1,
75,Guniibuu B,Guniibuu|Gl 663|36    Oph,19.35,-3.35,-16.98,-8.67,K,K2:III:,0.8604828118911054,4.33,2,Guniibuu
76,Achird A and B,Gl 34|24Eta Cas,19.42,10.11,2.2,16.43,G,G0V SB,1.3058551520545938,3.46,2,Achird
77,Gl 285,,19.43,-8.55,17.4,1.2,M,M4.5Ve,0.001032761405761397,11.19,1,
78,Gl 664,,19.47,-3.31,-17.1,-8.7,K,K5V,0.09120108393559093,6.33,1,
79,Gl 661 A and B,Gl 661,19.5,-2.82,-13.33,13.94,K,K5,0.008285286482418443,9.31,2,
80,Gl 908,,19.5,19.46,-0.92,0.82,M,M2V,0.007965260797837782,8.98,1,
81,Gl 783 A and B,Gl 783,19.62,8.58,-13.32,-11.56,K,K2V,0.23543983247694628,5.32,2,
82,82 G. Eri,Gl 139,19.71,9.26,11.03,-13.46,G,G8V,0.6286370884130494,4.26,1,82_G._Eri
83,Gl 555,,19.77,-15.09,-12.03,-4.29,M,M4,0.0009488553267278,11.32,1,
84,Gl 780,Del Pav,19.92,4.28,-6.81,-18.23,G,G5IV-Vvar,1.23594743344451,3.55,1,
85,GJ 3323,,20.01,4.98,19.23,-2.42,M,m,0.0004738053933388,12.1,1,
86,GJ 1221,,20.03,-0.34,-6.55,18.93,D,DXP9,0.0000719117735783,14.15,1,
87,GJ 3454,,20.13,-8.16,18.24,2.48,M,m,0.0001709228005234,13.22,1,
88,Gl 896 A and B,Gl 896,20.16,18.81,-2.32,6.88,M,M6Ve,0.0035527079676537245,10.05,2,
89,Gl 644 A and B and C,Gl 644,20.21,-5.55,-19.21,-2.93,M,M3Ve,0.011391798343588472,9.02,3,
90,Gl 784,,20.22,7.86,-11.89,-14.33,M,M0V,0.021697015538008506,7.97,1,
91,GJ 1128,,20.26,-6.03,4.11,-18.89,M,m,0.0002596569790274,12.78,1,
92,GJ 3877,,20.26,-12.81,-12.44,-9.56,M,dM8,0.0000050862769031,17.05,1,
93,Gl 581,,20.27,-12.95,-15.36,-2.72,M,M5,0.001989756811090657,10.57,1,
94,Gl 268,,20.53,-4.83,15.32,12.79,M,M5Ve,0.0007550922276654,11.65,1,
95,Gl 338 A and B,Gl 338,20.85,-9.48,8.36,16.58,K,K2,0.055440146311132296,7.64,2,
96,GJ 2097,,20.91,-18.71,-5.63,7.43,M,m,0.0003323533035775,12.58,1,
97,Gl 223.2,,21.07,0.44,21.01,-1.53,D,DZ9,0.0000603114819618,14.45,1,
98,Gl 625,,21.25,-4.97,-11.36,17.26,M,M2,0.003280952931131187,10.13,1,
99,GJ 1156,,21.33,-20.86,-1.73,4.12,D,dM   e,0.0001114807803364,13.81,1,
100,Gl 892,,21.35,11.34,-2.34,17.94,K,K3Vvar,0.22080047330188987,5.57,1,
101,Gl 408,,21.73,-19.35,5.18,8.43,M,M3,0.003760105236684952,10.03,1,
102,Gl 829,,21.87,16.51,-12.71,6.63,M,M4,0.002889348981559078,10.33,1,
103,Gl 566 A and B,Gl 566|37Xi  Boo,21.89,-15.17,-14.07,7.16,G,G8V + K4V,0.6629184546742697,4.54,2,
104,Gl 643,,21.9,-6.03,-20.82,-3.17,M,M4,0.000797994687268,11.73,1,
105,Gl 299,,22.04,-11.86,18.26,3.36,M,dM5,0.000293494522227,12.83,1,
106,Gl 402,,22.05,-20.91,6.5,2.61,M,M4:,0.0008790225168309,11.64,1,
107,GJ 4285,,22.19,8.51,-3.18,-20.24,M,m,0.0010597416418830963,11.45,1,
108,HIP 85605,,22.21,-2.67,-20.01,9.27,,,0.001123052347541083,11.39,1,
109,Gl 667 A and B and C,Gl 667,22.3,-3.25,-17.97,-12.78,K,K4V,0.23525139130718978,5.91,3,
110,Gl 880,,22.33,20.59,-5.85,6.36,M,M2:,0.013765753865094156,8.68,1,
111,Gl 293,,22.54,-4.04,7.5,-20.87,D,DQ9,0.0000970957006529,14.08,1,
112,Gl 809,,22.99,7.37,-7.81,20.33,M,M2V,0.016458869432193036,8.55,1,
113,Gl 393,,23.05,-21.25,8.92,0.34,M,M2,0.006003437587325644,9.65,1,
114,268 G. Cet A and B,Gl 105,23.42,18.06,14.64,2.81,K,K3V,0.21795099951611602,5.79,2,268_G._Cet
115,GJ 3737,,23.46,-18.13,-3.1,-14.57,M,M4,0.0003614098626396,12.74,1,
116,GJ 1286,,23.53,23.37,-2.54,-0.98,M,M5,0.0000603114819618,14.69,1,
117,GJ 4053,,23.75,0.79,-9.56,21.73,M,m,0.0001874131239977,13.48,1,
118,GJ 1230 A and B,GJ 1230,23.98,3.89,-21.42,10.05,K,k-m,0.000634428292535,12.4,2,
119,GJ 3991,,24.28,-3.84,-17.14,16.77,M,M3,0.000945366045958,11.77,1,
120,96 G. Psc,Gl 33,24.31,23.67,5.07,2.24,K,K2V,0.24479356661960658,5.74,1,96_G._Psc
121,GJ 4274,,24.32,21.14,-9.51,-7.36,M,M4,0.0002427727847681,13.25,1,
122,Gl 19,Bet Hyi,24.33,5.33,0.6,-23.73,G,G2IV,3.6074473386419155,2.82,1,
123,Gl 109,,24.49,16.67,14.52,10.55,M,M3.5Ve,0.002959374995343386,10.55,1,
124,HIP 62951,,24.55,-22.7,-5.45,-7.6,A,A2,0.019480495532907652,8.51,1,
125,GJ 2005,,24.56,21.69,2.35,-11.19,M,M5.5,0.0000335428530833,15.42,1,
126,Gl 68,107    Psc,24.57,20.78,9.97,8.51,K,K1V,0.3962780342554391,5.24,1,
127,GJ 1224,,24.58,0.78,-23.62,-6.76,M,m,0.0001747430855267,13.63,1,
128,Gl 53 A and B,Gl 53|30Mu  Cas,24.64,13.53,4.16,20.16,G,G5Vp,0.4269896245112806,5.17,2,
129,GJ 3378,,24.67,-0.06,12.48,21.28,M,m,0.0010318106352675907,11.71,1,
130,Gl 879,,24.82,20.34,-5.79,-12.99,K,K4Vp,0.12906247820605365,6.48,1,
131,GJ 3193B,,24.9,16.74,17.01,-7.11,M,M3,0.000967386449969,11.8,1,
132,GJ 3192,,24.9,16.74,17.01,-7.11,M,M3,0.00272898,10.96,1,
133,Gl 514,,24.97,-22.69,-9.4,4.5,M,M1V,0.01224616199265047,9.05,1,
134,Vega,Gl 721|3Alp Lyr,25.04,3.13,-19.27,15.69,A,A0Vvar,49.93441887213498,0.03,1,Vega
135,Gl 673,,25.12,-3.74,-24.82,0.93,K,K7V,0.04979663541644856,7.54,1,
136,Fomalhaut,Gl 881|24Alp PsA,25.13,21.04,-5.87,-12.42,A,A3V,17.587333541355722,1.17,1,Fomalhaut
137,GJ 3417,,25.28,-2.94,11.37,22.39,M,m,0.0001814679779397,13.65,1,
138,GJ 1093,,25.3,-6.13,23.07,8.38,M,m,0.0000613196969716,14.83,1,
139,Gl 701,,25.31,0.57,-25.26,-1.34,M,M2V,0.009366988779521163,9.37,1,
140,Gl 480.1,,25.38,-18.1,-3.25,-17.49,M,M4,0.0006698846094165,12.24,1,
141,Gl 915,,25.44,18.56,0.18,-17.4,A,DA5,0.0003194478724209,13.05,1,
142,Gl 382,,25.67,-22.83,11.6,-1.68,M,M3,0.010665961212302578,9.26,1,
143,GJ 3789,,25.89,-20.79,-8.8,12.66,M,M4  e,0.0009103323996799,11.95,1,
144,GJ 1087,,26.07,0.41,25.95,2.44,D,DAP9,0.000127526370646,14.1,1,
145,Gl 793,,26.08,6.62,-8.58,23.72,M,M3,0.003385322128153541,10.54,1,
146,Gl 257 A and B,Gl 257,26.12,-4.66,18.11,-18.24,M,M4+...,0.0038213757727902625,10.81,2,
147,GJ 1276,,26.26,25,-7.42,-3.1,D,DZ9+,0.0000310170149948,15.65,1,
148,Gl 623,,26.28,-7.09,-15.96,19.64,M,M3,0.0044096081645063736,10.27,1,
149,Gl 713A,44Chi Dra,26.28,0.72,-7.77,25.1,F,F7Vvar,2.1498096103893576,3.55,1,
150,GJ 4063,,26.3,3.03,-19.88,16.95,M,M3  p,0.0015317927158934159,11.42,1,
151,Tabit,Gl 178|1Pi 3Ori,26.32,7.87,24.91,3.19,F,F6V,3.003308878676558,3.19,1,Tabit
152,Gl 686,,26.37,-2.41,-24.88,8.41,M,M1,0.008083510373900676,9.62,1,
153,GJ 2034,,26.52,7.33,15.91,-19.91,A,DA8,0.0001037528415818,14.36,1,
154,GJ 1123,,26.52,-4.23,3.65,-25.92,M,m,0.0003311311214826,13.1,1,
155,GJ 1289,,26.52,21.25,-1.57,15.79,K,k,0.0005395106225151,12.57,1,
156,Gl 493.1,,26.56,-25.51,-6.9,2.63,M,dM5  e,0.0002521157630807,13.4,1,
157,p Eridani,p Eridani|Gl 66,26.57,13.41,6.24,-22.08,K,K2 V,0.5414222385429072,5.76,2,p_Eridani
158,Gl 747 A and B,Gl 747,26.6,6.53,-21.45,14.31,M,M3.5 J,0.0018380678163369352,11.86,2,
159,Gl 518,,26.69,-24.31,-10.89,1.71,D,DZ9,0.0000805378441199,14.65,1,
160,Gl 54,,26.73,9.77,3.1,-24.68,K,K,0.007027486176561337,9.8,1,
161,GJ 1151,,26.78,-17.77,0.7,20.01,M,m,0.0002943065989699,13.25,1,
162,Gl 884,,26.8,23.92,-6.38,-10.27,K,K5/M0V,0.04145720317867258,7.88,1,
163,Gl 48,,26.86,8.13,2.28,25.5,M,M3.5e,0.006020048636844589,9.98,1,
164,GJ 1227,,26.89,1.23,-12.54,23.75,M,m,0.0002560943517157,13.41,1,
165,Gl 831 A and B,Gl 831,27.06,21.25,-16.11,-4.6,M,M4e...,0.0010475991826028,11.96,2,
166,Gl 695 A and B and C,Gl 695|86Mu  Her,27.11,-1.42,-23.95,12.61,G,G5IV,2.584898636310704,3.42,3,
167,Gl 232,,27.18,-2.68,24.79,10.81,M,M4.5,0.0003610771451004,13.06,1,
168,Gl 618 A and B,Gl 618,27.21,-9.12,-19.56,-16.58,M,M4,0.003757535060126329,10.56,2,
169,Gar,Gl 486,27.3,-26.32,-5.59,4.62,M,M4,0.0016966802323464623,11.39,1,Gar
170,Gl 438,,27.41,-16.89,1.23,-21.55,K,K0,0.004413671434634396,10.36,1,
171,Chara,Gl 475|8Bet CVn,27.53,-20.44,-3.03,18.19,G,G0V,1.2496833972112191,4.24,1,Chara
172,GJ 3146,,27.59,22.2,15.05,6.49,M,m,0.0000301161880308,15.79,1,
173,GJ 1154A,,27.59,-27.54,-1.72,0.3,M,m,0.0002008167804184,13.73,1,
174,GJ 1057,,27.62,18.29,20.56,2.3,M,m,0.0001886253245351,13.8,1,
175,GJ 3076,,27.64,25.36,8.17,7.36,M,m,0.0001128236121649,14.36,1,
176,HIP 18899,,27.9,13.15,23.5,-7.29,,,0.004369180633852877,10.41,1,
177,Gl 506,61    Vir,27.9,-24.95,-8.89,-8.77,G,G5V,0.8098414473257883,4.74,1,
178,GJ 3517,,27.92,-19.15,20.25,-1.7,M,m,0.0000019284127756,18.8,1,
179,Gl 185 A and B,Gl 185,27.97,6.48,25.25,-10.14,M,M0V,0.03438326155679161,8.31,2,
180,Gl 450,,28,-22.84,0.89,16.17,M,M1V,0.00800940030533287,9.76,1,
181,Gl 17,Zet Tuc,28.01,11.85,1.04,-25.36,F,F9V,1.3049684141302225,4.23,1,
182,GJ 1105,,28.1,-10.41,18.36,18.55,M,M4V,0.001006468066438325,12.02,1,
183,Gl 877,,28.1,6.78,-1.95,-27.2,K,K,0.004389347855347169,10.42,1,
184,Gl 222A,54Chi1Ori,28.26,0.65,26.5,9.79,G,G0V,1.1460405911366023,4.39,1,
185,HIP 31292,,28.31,-1.03,6.95,-27.43,,,0.0017914306484060245,11.41,1,
186,Gl 867 A and B,Gl 867,28.36,24.89,-9.21,-9.99,M,M0Vpe,0.017356683168004844,9.06,2,
187,GJ 3839,,28.36,-19.94,-13.58,14.91,M,m,0.0003791403441833,13.1,1,
188,Gl 183,,28.4,7.22,27.32,-2.85,K,K3V,0.21478304741305337,6.22,1,
189,Gl 250 A and B,Gl 250,28.41,-6.4,27.56,-2.56,K,K3V,0.1602402033583663,6.58,2,
190,Gl 745 A and B,Gl 745,28.55,7.71,-25.53,10.17,M,M2,0.0064217827604811754,10.76,2,
191,Gl 791.2,,28.56,17.12,-22.35,4.81,M,dM6  e,0.0004025316189742,13.05,1,
192,GJ 3667,,28.61,-26.92,3.63,8.98,D,DC8,0.000204173794467,13.79,1,
193,GJ 1103 A and B,GJ 1103,28.66,-13.45,25.32,0,M,m,0.00033490589628600004,13.5,2,
194,Gl 666 A and B,Gl 666,28.71,-3.5,-19.4,-20.87,M,M0V,0.460193478971167,5.47,2,
195,Gl 203,,28.74,3.94,28.05,4.81,M,M5,0.0006886522963443,12.48,1,
196,Gl 465,,28.87,-27.26,-2.97,-9.04,M,M4,0.002098939883623522,11.28,1,
197,Gl 433,,28.97,-24.28,2.61,-15.58,M,M2V,0.008188417919005117,9.81,1,
198,GJ 4247,,29.04,22.21,-12.66,13.77,,,0.001104587183988628,11.99,1,
199,Gl 318,,29.04,-15.8,18.57,-15.8,A,DA6,0.0012223624492787315,11.88,1,
200,Gl 785,,29.06,14.41,-21.51,-13.21,K,K3V,0.3531831697919567,5.73,1,
201,Gl 424,,29.09,-11.72,2.06,26.54,M,M1Vvar,0.013073744701631328,9.31,1,
202,HIP 94223,,29.09,5.91,-18.51,-21.64,,,0.005355499708401133,10.28,1,
203,Gl 216 A and B,Gl 216|13Gam Lep,29.12,1.82,26.85,-11.12,F,F7V,2.7919997469540667,3.59,2,
204,GJ 3128,,29.12,24.67,14.57,5.23,M,m,0.0000395913216728,15.61,1,
205,Gl 283 A and B,Gl 283,29.12,-11.78,25.17,-8.72,D,DZQ6,0.0004569028490117,13,2,
206,GJ 3707,,29.12,-28.09,-1.24,-7.57,M,m,0.0010413578615284342,12.06,1,
207,GJ 3820,,29.12,-23.77,-13.61,-9.88,K,K2 :,0.0004381269820225,13,1,
208,GJ 4360,,29.38,28.16,-1.78,-8.18,M,m,0.0001119953522385,14.5,1,
209,Gl 51,,29.41,13.12,3.72,26.06,M,M5,0.0002432204009074,13.66,1,
210,HIP 31293,,29.42,-1.07,7.22,-28.5,,,0.005133339643802892,10.35,1,
211,Gl 357,,29.43,-22.13,16.07,-10.86,K,K,0.003067608976917938,10.91,1,
212,Rana,Gl 150|23Del Eri,29.49,16.33,24.04,-5,K,K0IV,2.782274657675122,3.52,1,Rana
213,Groombridge 1830 A and B,Gl 451,29.65,-23.44,0.72,18.14,G,G8Vp,0.19578332651023928,6.42,2,Groombridge_1830
214,Gl 849,,29.67,26.21,-13.69,-2.4,M,M3,0.004938556196176077,10.41,1,
215,GJ 2066,,29.75,-16.65,24.65,0.68,,,0.006735967762229425,10.08,1,
216,Gl 502,43Bet Com,29.78,-25.04,-8.12,13.92,G,G0V,1.4750271017597587,4.23,1,
217,Gl 137,96Kap1Cet,29.81,19.19,22.74,1.75,G,G5Vvar,0.843334757764275,4.84,1,
218,Gl 84,,29.82,24.29,14.75,-9.02,M,M3,0.0061094202490557204,10.19,1,
219,GJ 3421,,29.9,-4.99,17.41,23.78,M,M4.5,0.0003502676269138,13.3,1,
220,GJ 3325,,30.03,7.01,27.79,-8.97,K,K:,0.0015289736466907106,11.71,1,
221,Gl 442 A and B,Gl 442,30.07,-22.83,1.34,-19.53,G,G3/G5V,0.8196706566208113,4.89,2,
222,Gl 827,Gam Pav,30.21,9.87,-7.82,-27.46,F,F6V,1.5459662193866741,4.21,1,
223,Gl 190,,30.24,6.39,28.01,-9.43,M,M5,0.005786287388179515,10.28,1,
224,GJ 3135,,30.25,22.31,13.65,-15.21,K,K:...,0.0010346655758424353,12.15,1,
225,Gl 176,,30.25,9.44,27.01,9.83,M,M2,0.00784151540528121,9.95,1,
226,GJ 3801,,30.26,-22.8,-10.96,16.61,M,M:,0.0011566447741656449,12.03,1,
227,GJ 3380,,30.26,-0.21,19.5,23.13,M,m,0.0001221237130165,14.47,1,
228,GJ 1253,,30.31,9.41,-12.7,25.87,M,M5,0.0001821377637105,14.04,1,
229,Gl 226,,30.57,-0.19,4.19,30.28,M,M3,0.0049158655915686154,10.48,1,
230,HD 39170,,30.67,1.25,30.63,-0.76,F,F0,0.013626991969948696,9.38,1,
231,HIP 14101,,30.72,20.65,20.99,-8.77,,,0.0053456435939697195,10.4,1,
232,Gl 358,,30.88,-19.06,13.37,-20.29,M,M:,0.00402161044334213,10.72,1,
233,Gl 694,,30.92,-1.57,-22.41,21.23,M,M3,0.004984252094042599,10.49,1,
234,GJ 3988,,31,-4.73,-18.75,24.23,K,k-m,0.0002964831389524,13.56,1,
235,GJ 3306,,31.03,10.76,28.72,-4.76,D,DQ7,0.0002447935666196,13.77,1,
236,GJ 1065,,31.09,16.53,26.13,-3.3,M,dM4,0.000605898671139,12.79,1,
237,Gl 432 A and B,Gl 432,31.18,-26.04,2.91,-16.9,K,K0V,0.3287794376141905,5.96,2,
238,Gl 633,,31.18,-7.34,-20.38,-22.44,M,M3,0.0006742174675762,12.68,1,
239,GJ 1207,,31.24,-8.44,-29.99,-2.37,M,dM3.5,0.000978137704323,12.28,1,
240,GJ 1001,,31.3,23.72,0.49,-20.41,M,M3.5,0.000586678266402,12.84,1,
241,Gl 434,61    UMa,31.35,-25.84,2.14,17.62,G,G8Vvar,0.6047835918818003,5.31,1,
242,GJ 3253,,31.36,15.81,25.48,9.18,M,M4.5,0.0002666858664521,13.7,1,
243,GJ 3275,,31.36,12.26,26.95,10.34,M,dM4.5e,0.0005571857489319,12.9,1,
244,Gl 569A,,31.49,-21.9,-20.87,8.73,M,M2Ve,0.007331620890272116,10.11,1,
245,GJ 1125,,31.52,-25.07,19.11,0.18,K,K:...,0.0016842245750827022,11.71,1,
246,GJ 3855,,31.57,-12.6,-9.73,27.27,M,M6.5,0.0000057491018157,17.88,1,
247,HIP 84581,,31.58,-5.78,-30.74,-4.33,,,0.002992264636608186,11.09,1,
248,Gl 479,,31.61,-19.2,-3.2,-24.91,M,M3,0.0044957277130190515,10.65,1,
249,Gl 680,,31.72,-2.26,-20.82,-23.82,K,K5,0.0073046598952041025,10.13,1,
250,HIP 70185,,31.77,-24.87,-17.67,-8.9,,,0.0003445085462866,13.45,1,
251,Gl 239,,31.79,-4.89,29.91,9.59,M,M1:,0.01163054323328467,9.63,1,
252,Gl 631,12    Oph,31.8,-11.34,-29.68,-1.29,K,K2V,0.4073802778041125,5.77,1,
253,Gl 102,,31.85,22.64,17.94,13.42,M,M4,0.0005435005651294,12.96,1,
254,GJ 1138,,31.85,-24.71,7.82,18.52,M,m,0.0005142804319488,13.02,1,
255,Gl 638,,31.99,-8.56,-25.26,17.66,K,K7V,0.04821697939006181,8.1,1,
256,GJ 1256,,32.1,19.94,-23.64,8.57,M,dM4-5,0.0003584264080437,13.43,1,
257,Añañuca,Gl 367,32.19,-18.64,12.52,-23.07,M,M1:,0.0069310654514993675,10.22,1,Añañuca
258,GJ 3049,,32.29,23.83,4.57,-21.31,M,M4,0.000491133999647,13.1,1,
259,Gl 803,,32.32,18.22,-20.74,-16.81,M,M1Ve,0.02558585886905644,8.81,1,
260,GJ 2012,,32.36,29.44,5.38,-12.3,D,DQ9,0.0001321904253442,14.53,1,
261,Gl 49,,32.49,14.52,4.07,28.77,K,K5V...,0.012953883889748883,9.56,1,
262,HIP 12703,,32.51,14.42,12.45,-26.34,,,0.0011835864919618605,12.16,1,
263,Gl 678.1A,,32.54,-4.17,-32.12,3.15,M,M1V...,0.016069412530128755,9.33,1,
264,GJ 3512,,32.55,-10.69,12.59,28.05,M,m,0.0000828705077907,15.05,1,
265,HD 223889,,32.59,8.08,-0.22,-31.57,M,M...,0.008774047879567527,9.99,1,
266,GJ 1028,,32.62,29.76,8.66,-10.15,M,m,0.0001432187899274,14.46,1,
267,GJ 3119,,32.62,28.7,15.11,-3.48,M,m,0.0001258925411794,14.6,1,
268,GJ 3126,,32.62,12.43,7.29,29.26,M,M4,0.003372873086588689,11.03,1,
269,GJ 3304,,32.62,10.04,26.93,15.42,M,m,0.0008472274141406,12.53,1,
270,GJ 3959,,32.62,-9.31,-22.84,21.34,M,m+,0.0001056817509214,14.79,1,
271,GJ 3976,,32.62,-8.94,-28.79,12.46,M,m,0.0002032357010936,14.08,1,
272,GJ 4248,,32.62,22.67,-12.76,-19.67,M,M3.5,0.001659586907437558,11.8,1,
273,Gl 352 A and B,Gl 352,32.65,-25.3,19.18,-7.62,M,M2,0.012890124464819557,10.06,2,
274,Gl 536,,32.71,-28.22,-16.47,-1.51,K,K5,0.011439314495393055,9.71,1,
275,Gl 609,,32.81,-15.03,-26.79,11.54,M,M3,0.0008340651974087,12.56,1,
276,Gl 22 A and B,Gl 22,32.83,12.58,1.79,30.27,M,M2.5Ve,0.007860124322525976,10.27,2,
277,HD 122064,,32.83,-13.65,-7.69,28.85,K,K3V,0.22366601494661753,6.49,1,
278,Gl 75,,32.84,12.9,6.56,29.48,K,K0V,0.4943106869868351,5.63,1,
279,GJ 3079,,32.95,31.3,10.24,-1.07,D,DAwk,0.0002054944041345,14.09,1,
280,Gl 172,,32.98,6.99,18.62,26.3,K,K8V,0.03173949408562225,8.62,1,
281,Noquisi,Gl 436,33.08,-29.46,2.29,14.86,M,M3,0.004830588020397724,10.67,1,Noquisi
282,Gl 453,,33.13,-29.33,0.26,-15.4,K,K4V,0.14374740058743607,6.99,1,
283,Gl 568 A and B,Gl 568,33.15,-22.05,-20.9,13.25,,,0.0029550413824995254,11.53,2,
284,GJ 1235,,33.15,10.81,-29.04,11.81,K,k-m,0.0003999447497611,13.38,1,
285,GJ 3526,,33.18,-8.88,8.65,30.78,M,m,0.0007848741034887,12.65,1,
286,Gl 660 A and B,Gl 660,33.22,-6.92,-32.47,-1.07,G,G,0.00371590017217161,11.45,2,
287,Gl 852 A and B,Gl 852,33.25,29.62,-14.24,-5.09,M,dM4.5e,0.000552510407473,13.4,2,
288,Gl 231,Alp Men,33.26,-0.39,8.74,-32.09,G,G5V,0.8417827076608124,5.08,1,
289,GJ 1129,,33.28,-26.27,17.59,-10.4,M,m,0.0008271799518641,12.6,1,
290,GJ 3571,,33.28,-26.5,16.25,11.9,M,m,0.0002175704950926,14.05,1,
291,Gl 487,,33.31,-13.18,-2.87,30.46,M,M4,0.0038229621656591935,10.94,1,
292,Gl 748,,33.34,10.32,-31.65,1.68,M,M4,0.0033327289957613792,11.09,1,
293,Gl 127.1 A and B,Gl 127.1,33.4,8.21,9,-31.09,D,DA,0.002652597693280562,11.39,2,
294,GJ 3804,,33.41,-28.45,-14.16,-10.31,M,M:,0.0017250432972458441,11.81,1,
295,Gl 846,,33.41,29.09,-16.43,0.82,M,M0,0.01964264645879853,9.17,1,
296,GJ 3182,,33.62,14.52,13.14,27.34,D,DC9,0.0000689286860732,15.32,1,
297,GJ 1083A,,33.73,2.61,30.51,14.15,M,m,0.0001069547310566,14.85,1,
298,Gl 339.1,,33.73,-15.17,13.19,27.09,D,DXP7,0.0002686581377269,13.85,1,
299,Gl 649,,33.74,-8.1,-29.29,14.65,M,M2,0.012291361730601675,9.7,1,
300,Gl 117,,33.76,24.03,22.51,-7.46,K,K1V,0.35481338923357547,6.05,1,
301,GJ 3147,,33.76,22.73,15.5,19.58,M,m+,0.0000374973002245,15.99,1,
302,GJ 1119,,33.76,-16.45,16.37,24.53,M,m,0.000438530697775,13.32,1,
303,Pollux,Gl 286|78Bet Gem,33.78,-13.23,26.73,15.87,K,K0IIIvar,32.09223768048434,1.16,1,Pollux
304,Gl 431,,33.78,-25.28,3.13,-22.18,M,M,0.0022407840267860547,11.55,1,
305,GJ 1134,,33.9,-25.3,9.01,20.69,M,m,0.0006047835918818,12.98,1,
306,Gl 452.1,,33.94,-33.43,0.86,5.78,M,M3.5,0.0007351906920716,12.77,1,
307,Gl 87,,33.97,28.4,18.51,2.12,M,M3V:,0.009103323996799088,10.04,1,
308,Alula Australis B,Alula Australis|Gl 423|53Xi  UMa,33.97,-28.48,5.25,17.76,G,G0 Ve,2.88884583663586,4.33,2,Alula_Australis
309,GJ 4071,,33.97,6.11,-32.41,8.16,M,m,0.0007105587633695,12.81,1,
310,Gl 595,,34.01,-18.15,-26.44,-11.34,M,M5,0.0017554966296212313,11.83,1,
311,Gl 170,,34.01,9.95,24.14,21.79,M,M4.5,0.000258463963577,13.91,1,
312,GJ 1265,,34.05,29.01,-14.51,-10.34,M,m,0.0003541604004265,13.57,1,
313,Gl 341,,34.12,-13.04,10.78,-29.64,M,M0V,0.015247547676599162,9.49,1,
314,GJ 3412A,,34.18,-3.89,16.18,29.86,M,M:,0.0037739835253658574,11.01,1,
315,GJ 3125,,34.33,8.38,4.93,32.93,M,m,0.0002169701553801,14.12,1,
316,GJ 3270,,34.33,14.7,30.58,5.27,M,dM4  e,0.0002860223693954,13.82,1,
317,GJ 3849,,34.33,-22.89,-17.36,18.79,M,dM9,0.000001225744632,19.74,1,
318,Gl 124,Iot Per,34.38,15.12,16.36,26.19,G,G0V,2.320598461598921,4.05,1,
319,Gl 373,,34.45,-13.51,8.1,30.64,M,M2,0.02463769076721767,8.99,1,
320,Gl 488,,34.48,-33.63,-7.57,-0.46,M,M0.5V,0.03912010393873508,8.49,1,
321,Gl 654,,34.48,-8.13,-33.37,-3.06,M,M0V,0.009044821490475901,10.08,1,
322,GJ 3459,,34.58,-13.46,29.29,-12.52,M,M2,0.0020835311605717456,11.68,1,
323,GJ 1206,,34.68,-5.48,-16.97,29.75,D,DA,0.0012508349283740653,12.24,1,
324,GJ 3010,,34.7,32.4,1.26,12.34,M,m,0.0003780941866833,13.54,1,
325,HIP 21000,,34.82,13.24,32.04,3.22,F,F8+...,0.01160913870126181,9.83,1,
326,GJ 1232,,34.85,9.96,-31.67,10.57,K,k-m,0.0003886869861373,13.52,1,
327,Gl 617 A and B,Gl 617,34.86,-5.87,-12.14,32.14,M,M0Vvar,0.04109775958627902,8.61,2,
328,Gl 799 A and B,Gl 799,34.88,19.11,-22.4,-18.71,M,Mpe,0.01139372251891882,10.27,2,
329,Gl 508 A and B,Gl 508,34.92,-22.06,-8,25.86,K,K0,0.05173782233786595,8.48,2,
330,Gl 653,,34.92,-8.26,-33.79,-3.08,K,K5V,0.0830233015924954,7.7,1,
331,Gl 635 A and B,Gl 635|40Zet Her,34.95,-10.02,-28.03,18.31,F,F9IV,8.218330600422368,2.81,2,
332,GJ 9492,,35.01,-10.79,-9.24,31.99,M,M3,0.004462723707622523,10.88,1,
333,Gl 145,,35.03,14.9,19.94,-24.64,,,0.002594179362118812,11.47,1,
334,Gl 766 A and B,Gl 766,35.03,13.88,-27.92,15.97,M,dM4.5 J,0.0011271829941193,12.91,2,
335,Gl 413.1,,35.07,-31.12,6.97,-14.6,M,M:,0.006717381285473807,10.44,1,
336,Gl 86,,35.17,18.72,11.97,-27.26,K,K0V,0.361077145100353,6.12,1,
337,Gl 92,8Del Tri,35.17,24.04,16.37,19.78,G,G0V,1.1738159324832202,4.84,1,
338,Gl 553.1,,35.28,-27.26,-21.11,-7.51,M,M4,0.001739402139780303,11.92,1,
339,Gl 47,,35.3,16.31,4.47,30.98,M,dM2.5e,0.004751163763775616,10.83,1,
340,GJ 3928,,35.45,-14.97,-24.8,20.44,M,m,0.000347056354008,13.68,1,
341,GJ 4281,,35.49,31.83,-13.36,-8.24,M,M6.5,0.0000143615065291,17.14,1,
342,Gl 909 A and B,Gl 909,35.52,8.86,-0.29,34.4,K,K3V,0.29723928380188697,6.36,2,
343,Gl 740,,35.58,8.86,-34.26,3.66,M,M2V,0.021261798598625196,9.22,1,
344,Gl 228 A and B,Gl 228,35.59,-1.67,34.97,6.37,M,M3,0.008117633044791276,10.41,2,
345,Zavijava,Gl 449|5Bet Vir,35.65,-35.6,1.45,1.1,F,F8V,3.8124135110429895,3.59,1,Zavijava
346,GJ 1236,,35.65,12.4,-33.14,4.37,M,m,0.001194538082933885,12.35,1,
347,Gl 519,,35.67,-26.38,-11.95,20.82,M,M9,0.024751413180743125,9.06,1,
348,Gl 545,,35.8,-28.91,-20.27,-5.99,M,M4,0.0007257716502674,12.9,1,
349,GJ 4333,,35.84,33.74,-5.7,10.65,M,M:,0.0021978598727848252,11.7,1,
350,GJ 3210,,35.84,14.01,15.66,-29.04,D,DZ7,0.0001324341535195,14.75,1,
351,Denebola,Gl 448|94Bet Leo,35.88,-34.68,1.66,9.03,A,A3Vvar,14.682499678319866,2.14,1,Denebola
352,Gl 688,,35.88,-3.23,-35.66,2.22,K,K3V,0.2575134990410312,6.53,1,
353,Gl 79,,35.9,29.24,15.68,-13.7,K,K5/M0V,0.029322432823031125,8.89,1,
354,Gl 706,,35.96,1.18,-28.13,22.36,K,K2V,0.29702978440178623,6.38,1,
355,GJ 1004,,35.96,22.88,1.22,27.72,A,DA8,0.0001908973941124,14.36,1,
356,GJ 1238,,35.96,3.23,-8.37,34.82,M,m+,0.0000753008710548,15.37,1,
357,GJ 1086,,36.04,1.36,36.01,-0.11,D,DQP8,0.0001609904076216,14.55,1,
358,Gl 27,54    Psc,36.07,33.12,5.75,13.07,K,K0V,0.4738053933388253,5.88,1,
359,GJ 2069 A and B,GJ 2069,36.09,-20.92,26.86,11.98,M,M5Ve,0.0021683064548249104,11.9,2,
360,Gl 505 A and B,Gl 505,36.11,-32.61,-11.36,10.57,K,K2V,0.28650853095863305,6.49,2,
361,Gl 63,,36.12,17.78,8.13,30.37,M,dM3,0.003571083458083453,11.19,1,
362,Gl 173,,36.2,12.49,33.26,-6.93,M,M1,0.00784151540528121,10.34,1,
363,GJ 1148,,36.22,-26.51,2.12,24.58,M,M5,0.0019355304139797437,11.86,1,
364,GJ 2036 A and B,GJ 2036,36.23,5.82,19.48,-29.99,M,M2Ve,0.0068169755156820035,10.73,2,
365,GJ 3140,,36.24,29.93,19.11,7.25,M,dM4,0.000878213279898,12.72,1,
366,GJ 3396,,36.24,-3.76,26.88,24.01,M,m,0.0001257766432451,14.83,1,
367,GJ 3592,,36.24,-18.1,8.92,-30.1,D,DZ9,0.0000980844136031,15.1,1,
368,GJ 4078,,36.24,4.19,-19.05,-30.54,M,m,0.0008945404837789,12.7,1,
369,GJ 1277,,36.24,17.41,-4.95,-31.41,M,M4,0.0002509573963703,14.08,1,
370,Gl 107 A and B,Gl 107|13The Per,36.29,17.87,15.56,27.49,F,F7V,2.480980549789919,4.1,2,
371,Gl 320,,36.34,-18.49,21.4,-22.81,K,K2V,0.2523480772480574,6.58,1,
372,Gl 370,,36.39,-22.33,14.07,-25.05,K,K5V,0.09272567425805935,7.67,1,
373,GJ 1187,,36.48,-14.31,-14.05,30.48,M,m,0.0000668651772198,15.53,1,
374,GJ 3967,,36.52,-12.48,-34.32,0.45,M,m,0.0003650900524845,13.69,1,
375,Gl 754.1 A and B,Gl 754.1,36.61,12.49,-34.07,-4.88,M,dM5,0.0028361916520167002,12.12,2,
376,Gl 537 A and B,Gl 537,36.61,-21.74,-12.88,26.48,M,dM3  e,0.02409297056291477,9.85,2,
377,GJ 4065,,36.65,5.62,-35.17,8.62,M,M3.5,0.0011407750129221192,12.46,1,
378,Gl 208,,36.66,3.68,35.76,7.2,K,K7,0.03385322128153541,8.78,1,
379,Gl 2,,36.7,25.58,0.58,26.3,M,M2,0.011545161169214311,9.95,1,
380,Gl 603,41Gam Ser,36.7,-18.14,-30.33,9.91,F,F6V,3.179801427691526,3.85,1,
381,Arcturus,Gl 541|16Alp Boo,36.72,-28.78,-19.35,12.06,K,K2IIIp,115.55799554021293,-0.05,1,Arcturus
382,Gl 361,,36.73,-29.39,20.36,8.39,M,M2,0.007783949326267261,10.38,1,
383,Gl 4 A and B,Gl 4,36.88,25.7,0.64,26.44,K,K2,0.08810039793112893,8.2,2,
384,Gl 325 A and B,Gl 325,36.9,-8.41,8.75,34.85,K,K5 V,0.0676191123238419,8.7,2,
385,HIP 48659,,36.93,-28.09,16.98,-16.92,,,0.0017060823890031225,12.04,1,
386,HIP 29052,,37,-1.12,33.31,-16.07,,,0.0020026266903409007,11.87,1,
387,Gl 362,,37.03,-10.45,7.12,34.81,M,M4,0.003753185242379138,11.19,1,
388,GJ 3149B,,37.06,26.3,17.84,-19.07,M,M4,0.0007099046158553,13,1,
389,GJ 4048A,,37.06,2.27,-28.8,23.21,M,m,0.0020100182471136908,11.87,1,
390,GJ 4049B,,37.06,2.27,-28.81,23.21,M,m,0.0004357124805031,13.53,1,
391,Gl 356 A and B,Gl 356|11    LMi,37.08,-24.3,17.71,21.7,G,G8IV-V,0.7797989432192409,5.4,2,
392,Gl 169,,37.16,13.33,31.79,13.87,K,K7V,0.05410034068634678,8.3,1,
393,Muphrid,Gl 534|8Eta Boo,37.17,-30.94,-16.92,11.73,G,G0IV,9.585173976856456,2.68,1,Muphrid
394,Gl 70,,37.22,33.41,16.17,2.8,M,M2V:,0.004817259035591625,10.93,1,
395,GJ 9520,,37.22,-22.12,-26.8,13.32,M,M9,0.0061773185859152,10.66,1,
396,Gl 902,,37.25,11.02,-0.98,-35.57,K,K3V,0.1656532649318018,7.09,1,
397,GJ 4070,,37.33,5.78,-31.19,19.69,M,M4,0.003541604004264614,11.27,1,
398,Gl 277.1,,37.42,-6.82,15.6,33.33,M,M0,0.007935969681957686,10.4,1,
399,GJ 4122,,37.49,14.11,-28.35,20.08,,,0.006564475019516991,10.61,1,
400,GJ 3500,,37.49,-15.89,21.22,-26.5,M,M3,0.002093148303447447,11.85,1,
401,Gl 317,,37.49,-22.21,26.24,-14.92,M,m,0.0018569491014904587,11.98,1,
402,GJ 3550,,37.49,-8.38,6.95,35.87,M,m,0.0001129275744209,15.02,1,
403,GJ 3966,,37.49,-11.07,-28.64,21.51,M,m,0.000759976214361,12.95,1,
404,Gl 567,,37.54,-25.79,-24.34,12.32,K,K2V,0.4591980128368683,6,1,
405,Gl 275.2 A and B,Gl 275.2,37.71,-9.69,23.19,28.11,M,sdM5,0.0006022123499178,13.56,2,
406,Gl 12,,37.79,36.65,2.53,8.86,M,dM3.5,0.0010864256236170645,12.58,1,
407,Gl 669 A and B,Gl 669,37.81,-5.89,-33.32,16.87,M,M4,0.0044873486364767476,11.26,2,
408,Gl 103,,37.85,21.35,17.04,-26.19,K,K7V comp SB,0.03259867889044682,8.89,1,
409,Gl 772,,37.88,18.44,-33.1,-0.69,A,DA6,0.0003890451449943,13.7,1,
410,Gl 851,,37.89,31.99,-16.39,11.98,M,M2,0.009332543007969896,10.25,1,
411,GJ 3039,,37.93,37.22,5.33,4.94,M,m,0.0009799411610956,12.7,1,
412,GJ 3442,,37.93,-13.48,33.28,-12.22,K,k-m,0.0004085074676631,13.65,1,
413,Gl 540.2,,37.93,-31.01,-20.35,-7.9,M,dM5.5e,0.0003366665743686,13.86,1,
414,GJ 3873,,37.93,-22.34,-21.28,22.05,M,M3.5,0.0014034598729211754,12.31,1,
415,Gl 118,,37.98,12.3,11.51,-34.05,M,M,0.0033759810485542515,11.36,1,
416,Gl 189,Zet Dor,37.98,4.81,19.85,-32.02,F,F7V,1.543121065657792,4.71,1,
417,GJ 1075,,38.03,4.78,19.83,-32.09,K,K7V,0.030283076942657767,8.98,1,
418,HIP 69454,,38.09,-17.46,-11.47,-31.85,M,M2V:,0.009880979539411276,10.2,1,
419,GJ 1234,,38.1,10.04,-27.98,23.83,D,DC7,0.0001766851298454,14.57,1,
420,Porrima A and B,Gl 482|29Gam Vir,38.11,-37.47,-6.89,-0.96,F,F0V+...,14.296660307259302,2.74,2,Porrima
421,Gl 494,,38.13,-35.94,-9.76,8.17,M,M2,0.014845676750522722,9.76,1,
422,Gl 848,24Iot Peg,38.25,30.45,-16.36,16.37,F,F5V,3.7187758332493557,3.77,1,
423,Gl 585,,38.33,-23.03,-28.41,11.51,M,M4,0.0004055085354484,13.68,1,
424,Gl 410,,38.39,-34.5,8.82,14.36,K,K,0.017930813770804414,9.57,1,
425,Gl 735,,38.4,9.1,-36.88,5.61,M,M2Ve,0.011005252214205412,10.1,1,
426,Gl 572,,38.47,-19.01,-19.17,27.4,M,M0,0.026497200988789625,9.15,1,
427,Gl 542,,38.48,-16.1,-11.18,-33.11,K,K3V,0.2627846540838492,6.66,1,
428,GJ 3266,,38.6,7.46,14.69,34.91,M,m,0.000400313282178,13.71,1,
429,GJ 3060A,,38.63,34.22,7.67,16.22,,,0.0019195525237613793,12.01,1,
430,Deneb Algedi,Gl 837|49Del Cap,38.7,31.1,-20.38,-10.75,A,A5mF2 (IV),8.8879171988482,2.85,1,Deneb_Algedi
431,Gl 277 A and B,Gl 277,38.71,-12.2,28.75,22.87,M,M3.5Ve,0.009939676704665468,10.52,2,
432,Gl 414 A and B,Gl 414,38.72,-32.62,7.07,19.62,K,K8V,0.07084960054755046,8.31,2,
433,GJ 1055,,38.74,25.89,28.01,6.74,M,m,0.0001409937949359,14.85,1,
434,GJ 3954,,38.83,-14.66,-34.03,-11.61,M,m,0.0002352881201938,14.3,1,
435,GJ 9780,,38.83,23.85,-10.48,-28.8,M,M3.5,0.0012234888053268141,12.51,1,
436,GJ 1243,,38.87,12.48,-23.68,28.19,M,m,0.0009128512193311,12.83,1,
437,Gl 96,,38.94,21.25,15.19,28.89,M,M2,0.021577444091526645,9.4,1,
438,Gl 403,,38.97,-36.16,11.04,9.43,M,dM3,0.001062673865402463,12.67,1,
439,GJ 1223,,39.06,0.37,-30.98,23.79,M,m,0.0001434828518233,14.85,1,
440,Gl 842,,39.09,17.04,-9.88,-33.77,M,M2,0.015892784698824686,9.74,1,
441,GJ 1179 A and B,GJ 1179,39.11,-31.91,-16.3,15.66,M,dM4  :,0.0001620413453684,15.32,2,
442,HD 89694,,39.14,-32.53,15.08,-15.7,K,K1III,0.006892868607318448,10.65,1,
443,GJ 3992,,39.15,-6.43,-29.98,24.34,,,0.003039484968770107,11.54,1,
444,GJ 1140,,39.15,-37.39,10.44,-5.13,A,DA6,0.000237028189913,14.31,1,
445,Gl 136,Zet1Ret,39.16,11.73,13.7,-34.76,G,G2V,0.7705485366297148,5.53,1,
446,HIP 115064,,39.2,34.94,-6.42,-16.56,,,0.0029621019360527643,11.57,1,
447,Gl 138,Zet2Ret,39.24,11.75,13.79,-34.81,G,G1V,1.0111137119549065,5.24,1,
448,Gl 268.3,,39.25,-11.42,33.01,17.91,,,0.005872188659713022,10.83,1,
449,GJ 3331A,,39.3,8.4,35.56,-14.45,M,M2,0.009682778562612486,10.29,1,
450,GJ 3332B,,39.3,8.4,35.56,-14.45,M,M3:,0.002741574171927878,11.66,1,
451,GJ 2092,,39.3,-15.75,-1.84,-35.97,D,DA/F,0.0003265878321723,13.97,1,
452,GJ 3727A,,39.3,-38.31,-4.85,-7.27,M,M2,0.005223961889991197,10.96,1,
453,GJ 3728B,,39.3,-38.31,-4.85,-7.27,G,g,0.0050350060878790424,11,1,
454,GJ 1053,,39.34,7.39,8.14,37.78,M,sdM6,0.0001765224717453,14.64,1,
455,Gl 180,,39.52,10.72,36.08,-12.06,M,M3,0.0055821306891772554,10.9,1,
456,Gl 624,Zet TrA,39.52,-5.23,-12.4,-37.16,F,F9V,1.4021678337057588,4.9,1,
457,Gl 598,27Lam Ser,39.54,-21.58,-32.74,5.06,G,G0Vvar,2.1837353276021747,4.42,1,
458,Gl 798,,39.63,15.62,-18.24,-31.52,K,K7V,0.03777461093882189,8.83,1,
459,Gl 359,,39.68,-30.23,20.96,14.88,M,M4,0.0002620595554733,14.23,1,
460,Gl 821,,39.69,28.39,-26.18,-9.13,M,M3,0.005786287388179515,10.87,1,
461,HD 10182,,39.78,34.79,16.21,10.47,K,K0,0.04369180633852877,8.68,1,
462,GJ 3518,,39.78,-25.19,26.24,-16.1,M,m,0.0003253868517801,14,1,
463,GJ 3533,,39.78,-26.84,25.24,-14.99,K,k-m,0.0002468311689697,14.3,1,
464,GJ 3647,,39.78,-32.43,6.91,21.97,M,dM4,0.0014467716832477213,12.38,1,
465,GJ 3800,,39.78,-34.5,-16.48,-10.97,M,m,0.0005157034063026,13.5,1,
466,Gl 309,,39.82,-21,26.68,-20.81,K,K0V,0.3640826637894007,6.38,1,
467,GJ 1288,,39.82,34.1,-2.55,20.4,M,m,0.0002342070694794,14.36,1,
468,GJ 1263,,39.87,33.32,-21.91,-0.12,M,M3.5,0.0011334438229710323,12.65,1,
469,Gl 82,,39.95,18.09,10.38,34.07,M,M4Ve,0.0017060823890031225,12.21,1,
470,Gl 590,,39.97,-18.47,-25.56,-24.55,M,M4,0.000992658806871,12.8,1,
471,Gl 211,,40.04,1.94,23.75,32.18,K,K1V,0.4309233228186262,6.21,1,
472,Gl 737 A and B,Gl 737,40.07,5.56,-21.71,-33.21,M,M2V,0.051472365216100296,8.86,2,
473,Gl 64,,40.07,36.32,16.55,-3.49,A,DA7,0.0009611695415159,12.84,1,
474,Gl 179,,40.08,11.63,38.09,4.52,M,M4,0.002201912211484475,11.94,1,
475,GJ 1097,,40.08,-15.11,37.05,-2.31,,,0.003394689053800783,11.47,1,
476,Gl 360,,40.08,-11.3,7.72,37.67,M,M3,0.007855973322609887,10.56,1,
477,Gl 192,,40.09,7.74,36.95,13.49,M,M5,0.006183010727517132,10.82,1,
478,Gl 806,,40.18,18.9,-21.54,28.16,M,M3,0.006385574850788391,10.79,1,
479,Gl 381,,40.23,-35.81,18.23,-1.88,M,M0,0.0073451386815711435,10.64,1,
480,Copernicus A and B,Gl 324|55Rho1Cnc,40.25,-24.23,25.85,19.1,G,G8V,0.5487831097518795,5.96,2,Copernicus
481,Gl 390,,40.27,-36.28,15.93,-7.15,M,M0,0.011566447741656449,10.15,1,
482,GJ 3052,,40.27,39.01,7.64,6.39,M,m,0.0004010513660866,13.8,1,
483,GJ 3263,,40.27,17.3,32.31,-16.69,M,M3.5,0.0014561294986160562,12.4,1,
484,GJ 3285,,40.27,15.71,36.09,8.51,D,DC8,0.0000837915067438,15.5,1,
485,GJ 3333,,40.27,8.65,37.31,12.43,K,k,0.0025775078699705376,11.78,1,
486,GJ 3567,,40.27,-16.76,10.88,34.96,M,M2,0.0010744841166445546,12.73,1,
487,GJ 4004,,40.27,-0.92,-6.81,-39.68,M,m,0.0019195525237613793,12.1,1,
488,GJ 4098,,40.27,10.02,-32.53,21.5,M,m,0.002530463049461394,11.8,1,
489,GJ 4201,,40.27,29.28,-21.99,16.74,M,m,0.0011460405911366018,12.66,1,
490,GJ 4350,,40.27,32.21,-3.26,-23.94,M,M4,0.0004317178444709,13.72,1,
491,Gl 46,,40.29,34.47,8.99,-18.83,,,0.002603754298938733,11.77,1,
492,Gl 601A,Bet TrA,40.37,-9.36,-15.44,-36.11,F,F2III,9.844643639803781,2.83,1,
493,Gl 671,,40.38,-5.25,-29.68,26.87,M,M4,0.0037809418668329608,11.37,1,
494,GJ 3356,,40.42,4.3,39,9.7,M,M3.5,0.002525806054831961,11.81,1,
495,Gl 435,,40.45,-28.8,2.39,-28.3,K,K5V,0.10442392185431738,7.77,1,
496,Gl 212,,40.57,1.94,24.06,32.61,M,M1,0.016504409856522788,9.78,1,
497,HIP 84051,,40.68,-5.25,-24.19,-32.28,,,0.01294195841449985,10.05,1,
498,GJ 1101,,40.72,-2.28,4.1,40.45,M,m,0.0007884969177454,13.09,1,
499,Gl 843,,40.72,33.41,-18.9,-13.58,M,M3,0.002093148303447447,12.03,1,
500,Gl 142,,40.75,23.62,30.2,-13.81,K,K5V,0.059868723724805915,8.39,1,
501,Gl 302,,40.75,-22.58,32.73,-8.91,K,K0V,0.566500111919533,5.95,1,
502,GJ 1068,,40.77,11.13,21.48,-32.82,,pec,0.0005035006087879,13.58,1,
503,GJ 3466A,,40.77,-17.08,31.16,-19.98,M,M4,0.0006053408747539,13.38,1,
504,GJ 3543,,40.77,-29.2,25.3,-13.02,M,M2,0.00682338694141669,10.75,1,
505,Gl 575 A and B,Gl 575|44    Boo,40.79,-19.11,-19.75,30.15,G,G2V + G2V,2.1792744408780536,4.83,2,
506,GJ 3028,,40.82,34.06,3.05,22.28,M,M6,0.0000518561177686,16.05,1,
507,GJ 3497,,40.82,-8.68,11.74,38.12,M,dM5.2,0.0000735868139651,15.67,1,
508,HD 215415,,40.88,38.68,-13.11,-1.89,F,F8,0.022929785918248208,9.44,1,
509,GJ 3250,,40.92,22.13,33.86,6.19,K,k-m,0.0002153773355662,14.51,1,
510,Gl 91,,40.93,28.94,19.14,-21.72,,,0.010308607400626252,10.31,1,
511,GJ 1029,,40.97,34.55,10.17,19.55,M,m,0.0001651961798229,14.8,1,
512,Gl 836.5,,40.97,31.59,-21.57,14.68,D,DQ6,0.0006950243175888,13.24,1,
513,Gl 26,,41.03,34.8,5.98,20.89,M,dM4,0.00519039010197082,11.06,1,
514,GJ 3708A,,41.06,-38.55,-1.88,-14.02,,,0.0029648313895243392,11.67,1,
515,Gl 197,15Lam Aur,41.2,5.59,31.01,26.54,G,G0V,1.8484171953696558,4.69,1,
516,GJ 3112,,41.29,14.36,6.92,-38.09,A,DA7,0.0003915615148396,13.88,1,
517,GJ 3292,,41.29,15.43,36.92,10.15,M,m,0.0005556483128371,13.5,1,
518,GJ 3357,,41.29,4.29,40.69,-5.49,M,M4,0.0010587660331136959,12.8,1,
519,Gl 261,,41.29,-10.94,39.54,-4.64,D,DA,0.0001088428737944,15.27,1,
520,GJ 3780,,41.29,-34.69,-13.25,-18.04,M,m,0.0009656060985415,12.9,1,
521,GJ 4062,,41.29,4.35,-31,26.91,M,m,0.002232543861616742,11.99,1,
522,GJ 4154,,41.29,3.95,-4.43,-40.86,M,m,0.0035059038393261267,11.5,1,
523,Gl 95,,41.32,30.53,21.18,-18.08,G,G8V,0.4107712125533876,6.33,1,
524,HD 304043,,41.33,-21.77,4.23,-34.88,M,M,0.003031098153584044,11.66,1,
525,GJ 1248,,41.34,21.15,-35.26,4.32,K,k-m,0.0020417379446695297,12.09,1,
526,Gl 810 A and B,Gl 810,41.34,27.81,-28.89,-10.03,M,M3.5 J,0.0016773839544807097,12.45,2,
527,GJ 1215,,41.39,-7.43,-39.85,8.37,M,m,0.0001278792262936,15.1,1,
528,Gl 863,,41.45,37.99,-15.15,6.75,M,M0V:,0.01010182870544832,10.36,1,
529,GJ 9716,,41.49,16.22,-15.77,-34.78,M,M4,0.0009935735005868,12.88,1,
530,Gl 67,,41.55,27.61,13.14,28.13,G,G2V,1.466898282206286,4.96,1,
531,Gl 516 A and B,Gl 516,41.62,-36.62,-15.69,12.04,M,M4Ve,0.005961673189534923,11.38,2,
532,Gl 454,,41.63,-40.94,-0.13,-7.55,K,K0IV,0.8629785477669701,5.54,1,
533,Gl 395,36    UMa,41.68,-21.57,8.87,34.55,F,F8V,1.6795773139880843,4.82,1,
534,Gl 620.1 A and B,Gl 620.1,41.68,-13.13,-29.51,-26.34,G,G3/G5V,1.0170621096955987,5.37,2,
535,Gl 206,,41.73,4.97,40.82,7.12,M,M4Ve,0.0034197944251370834,11.55,1,
536,GJ 3452,,41.74,-9.71,21.98,34.13,M,M0,0.004077556617502123,11.36,1,
537,Gl 675,,41.76,-2.45,-15.92,38.52,K,K0V,0.3787913037851566,6.44,1,
538,GJ 2045,,41.76,3.22,41.45,-3.98,M,m,0.0001103570289964,15.28,1,
539,GJ 4054,,41.76,1.88,-20.15,36.53,D,DC:9,0.0000784874103489,15.65,1,
540,GJ 3668,,41.81,-40.08,5.08,-10.79,M,m,0.0002754228703338,14.29,1,
541,GJ 1210,,41.81,-9.39,-40.39,5.36,M,m,0.0003564511334262,14.01,1,
542,GJ 1218,,41.81,-2.68,-19.15,-37.08,M,m,0.0012133888504649761,12.68,1,
543,GJ 4326,,41.81,38.71,-7.27,14.04,M,M4,0.002070141348791039,12.1,1,
544,GJ 4387,,41.81,34.62,-0.02,-23.45,M,M4,0.0010864256236170645,12.8,1,
545,Gl 775,,41.94,21.38,-36.01,2.43,K,K4V,0.14941699574067008,7.46,1,
546,GJ 2138,,42.03,6.85,-40.11,-10.52,M,M1V:,0.004450409766495373,11.28,1,
547,GJ 3722,,42.06,-16.22,-1.67,38.77,,,0.004839494493016622,11.19,1,
548,Gl 349,,42.1,-33.23,25.51,4.15,K,K3V,0.19124936418442073,7.2,1,
549,GJ 1073,,42.14,9.26,30.57,27.48,K,k,0.0006171631684556,13.43,1,
550,Onkaria,GJ 1214,42.14,-8.13,-41.19,3.64,M,m,0.00019696996149,14.67,1,Onkaria
551,HIP 13218,,42.25,18.68,17.14,-33.81,M,M,0.007530087105475891,10.72,1,
552,Gl 895,,42.28,22.22,-3.47,35.79,M,M2,0.014229839445793322,10.03,1,
553,GJ 3131,,42.36,33.9,20.24,-15.34,M,M3,0.004821697939006178,11.21,1,
554,GJ 3224,,42.36,26.27,32.94,4.33,M,m+,0.0001937313924582,14.7,1,
555,GJ 3309,,42.36,12.12,35.43,19.8,M,M2.5,0.0046046857837857376,11.26,1,
556,GJ 3981,,42.36,-10.91,-39.63,10.22,M,m,0.0008226213938831,13.13,1,
557,GJ 4368,,42.36,41.69,-1.71,7.32,M,M1,0.003691475581654127,11.5,1,
558,HD 40307,,42.39,0.55,21.17,-36.72,K,K3V,0.19934254564980927,7.17,1,
559,Gl 521,,42.43,-26.65,-12.34,30.62,M,M2,0.011814082519208863,10.24,1,
560,Gl 204,,42.47,5.82,41.99,-2.59,K,K5V,0.1285878692634399,7.65,1,
561,GJ 1077,,42.47,1.61,8.46,-41.58,M,M1.5 V,0.0025421431362049373,11.91,1,
562,GJ 3106,,42.52,16.97,8.01,38.16,B,B5,0.01388033666567234,10.07,1,
563,Gl 422,,42.52,-22.39,4.35,-35.87,M,m,0.0032389183499687726,11.65,1,
564,Gl 167,,42.55,11.15,22.84,-34.12,K,K5V,0.1302566786136689,7.64,1,
565,Gl 722,,42.67,6.73,-39.25,-15.33,G,G5V,0.6817105263058533,5.85,1,
566,HIP 76362,,42.69,-4.27,-5.87,-42.06,,,0.0032628717214308457,11.65,1,
567,Gl 592,,42.69,-24.19,-33.6,-10.42,M,M4,0.0012416523075924094,12.7,1,
568,Gl 707,,42.74,1.67,-30.99,-29.39,K,K7V,0.06649668571246753,8.38,1,
569,Gl 195 A and B,Gl 195,42.75,5.51,29.27,30.67,M,dM2,0.012934638315671577,10.2,2,
570,Capella A and B,Gl 194|13Alp Aur,42.8,5.59,29.21,30.79,M,M1: comp,199.51616666297613,0.08,2,Capella
571,GJ 3506,,42.8,-10.05,12.43,39.71,M,M3,0.0032210687912834312,11.67,1,
572,HIP 86963,,42.84,-2.18,-36.22,-22.76,M,M2V:,0.004176379929509734,11.39,1,
573,GJ 3036,,42.92,27.15,3.44,33.06,M,m,0.000828705077907,13.15,1,
574,GJ 1031,,42.92,35.95,11.04,-20.68,M,dM5,0.0006462491724954,13.42,1,
575,GJ 3372B,,42.92,0.01,22.38,36.62,M,m,0.0005680675741068,13.56,1,
576,GJ 3704,,42.92,-15,-0.36,40.21,M,M4,0.0008920721887253,13.07,1,
577,GJ 3817,,42.92,-36.43,-20.66,9.35,M,M3,0.0018810485289187044,12.26,1,
578,GJ 4044,,42.92,2.21,-38.5,18.83,M,m,0.0007085981269168,13.32,1,
579,Gl 425 A and B,Gl 425,42.93,-39.66,6.74,-15,K,K4/K5V,0.062341252672419474,8.57,2,
580,Gl 865,,42.99,16.79,-6.24,-39.08,,,0.003801893963205609,11.5,1,
581,Gl 469,,43,-42.2,-5.36,6.3,M,M:,0.002421029046736175,11.99,1,
582,Gl 174,,43.02,13.53,37.84,15.35,K,K3V,0.08798324994418663,8.09,1,
583,GJ 1092,,43.03,-7.29,33.53,25.97,M,m,0.0004751163763776,13.76,1,
584,HIP 56157,,43.06,-42.28,5.44,-6.06,,,0.0024501913368807802,11.98,1,
585,Gl 556,,43.11,-20.39,-16.14,34.39,K,K3V,0.19337485452952538,7.24,1,
586,GJ 3612,,43.14,-14.13,5.46,40.4,K,k-m,0.0025751349904103117,11.93,1,
587,Gl 525,,43.18,-36.87,-18.2,13.19,,,0.01851825243638179,9.79,1,
588,Gl 716,,43.22,5.57,-40.51,-14.01,K,K1V,0.2886689017948273,6.81,1,
589,Gl 507 A and B,Gl 507,43.27,-33.28,-12.04,24.89,M,M0,0.028023313016974912,9.48,2,
590,Gl 177,58    Eri,43.3,12.87,39.38,-12.61,G,G3V,0.9772372209558103,5.49,1,
591,Gl 164,,43.31,11.84,23.48,34.42,M,M3.5,0.000611504982517,13.5,1,
592,GJ 3001,,43.37,35.86,0.42,-24.4,D,DC9,0.0001688884694791,14.9,1,
593,GJ 3971,,43.37,-5.63,-15.54,40.1,M,m,0.0000846447448098,15.65,1,
594,Gl 732 A and B,Gl 732,43.37,7.87,-32.96,-27.07,G,sdG0,0.0013424697532499964,12.7,2,
595,GJ 3403,,43.38,-4.22,24.14,-35.8,K,K7V,0.01851825243638179,9.8,1,
596,Gl 597,,43.41,-5.98,-8.64,42.12,M,M4,0.0019971008660281844,12.22,1,
597,Gl 835,,43.44,31.3,-22.33,20.21,,,0.01806342083169975,9.83,1,
598,GJ 1088,,43.49,-1.51,31.56,-29.89,M,M3.5,0.001828100216142741,12.32,1,
599,GJ 3423,,43.49,-9.76,34.39,24.76,M,m,0.0008356030182312,13.17,1,
600,GJ 3586,,43.49,-24.1,12.61,33.93,K,k-m,0.0006338697112569,13.47,1,
601,GJ 3900,,43.49,-27.38,-32.4,-9.6,M,M3,0.0014387985782558436,12.58,1,
602,GJ 4239,,43.49,37.34,-22.24,-1.44,M,dM5,0.0002157744409153,14.64,1,
603,Gl 655,,43.58,-9.27,-39.46,16.01,M,M3,0.003528580258285267,11.61,1,
604,GJ 1012,,43.6,42.98,5.4,-5.06,M,M4,0.002070141348791039,12.19,1,
605,Gl 742,,43.6,3.75,-13.94,41.14,D,DXP5,0.0008165823713586,13.2,1,
606,Gl 774 A and B,Gl 774,43.72,9.31,-15.48,-39.83,M,m,0.005677519856468368,11.35,2,
607,Gl 528 A and B,Gl 528,43.73,-34.64,-17.85,19.84,K,K2,0.3366604541084196,7.05,2,
608,HD 281621,,43.86,17.05,32.29,24.29,M,M1,0.01334135682903104,10.18,1,
609,Gl 354 A and B,Gl 354|25The UMa,43.96,-21.83,16.32,34.49,F,F6IV,8.535408905596148,3.17,2,
610,Gl 427,,43.96,-40.45,6.37,16.01,A,DA7,0.0003185664236573,14.24,1,
611,Titawin,Gl 61|50Ups And,44,30.1,13.53,29.1,F,F8V,3.630780547701012,4.1,1,Titawin
612,GJ 3009,,44.08,23.93,0.88,-37,M,M4,0.002363741608116292,12.07,1,
613,GJ 3709B,,44.08,-41.37,-2.04,-15.05,M,m,0.0014242951649732906,12.62,1,
614,GJ 1267,,44.13,23.3,-10.59,-35.96,K,K7V,0.04081313915969717,8.98,1,
615,GJ 3371A,,44.14,0.04,23,37.67,M,M1,0.012670682249985478,10.25,1,
616,Gl 868,,44.19,36.12,-13.02,-21.88,K,K4/K5V,0.11803206356517291,7.83,1,
617,GJ 4006,,44.25,-6.5,-43.75,1.39,,,0.007001643593729743,10.9,1,
618,Gl 69,,44.28,17.57,8.54,39.74,K,K5V,0.06880183161430377,8.42,1,
619,Gl 104,,44.34,32.35,26.17,15.32,M,M2,0.008605973411928215,10.68,1,
620,Gl 146,,44.38,17.42,23.76,-33.2,K,K7V,0.06020048636844589,8.57,1,
621,Gl 767 A and B,Gl 767,44.4,16.86,-33.66,23.54,M,M1+...,0.02615059459160513,9.74,2,
622,Gl 184,,44.43,6.52,25.85,35.54,M,M0,0.01676486266073897,9.96,1,
623,Gl 656,,44.43,-4.69,-21.21,-38.76,K,K0V,0.1804679146556722,7.38,1,
624,Gl 386,,44.5,-39.19,18.95,-9.22,M,M0,0.006510284984348607,10.99,1,
625,GJ 1194 A and B,GJ 1194,44.5,-18.5,-26.44,30.61,M,m,0.0021397689097341754,12.48,2,
626,Gl 471,,44.51,-43.57,-5.98,6.82,M,M0:,0.020606299132700005,9.74,1,
627,GJ 1035,,44.56,4.26,1.54,44.33,M,m,0.0002008167804184,14.77,1,
628,Gl 5,,44.59,38.97,1.12,21.63,K,K0V,0.6075751461057411,6.07,1,
629,Alshain A and B,Gl 771|60Bet Aql,44.68,21.41,-38.9,4.99,G,G8IVvar,5.364942745206842,3.71,2,Alshain
630,GJ 3326,,44.68,10.56,42.56,8.57,M,m,0.0005166542425669,13.75,1,
631,Gl 398,,44.68,-41.55,15.94,3.99,M,dM4  e,0.0014900471117870978,12.6,1,
632,HIP 48336,,44.73,-36.97,23.29,-9.55,M,M0,0.015790649727284285,10.04,1,
633,Gl 428 A and B,Gl 428,44.73,-20.99,3.26,-39.36,K,K7V+...,0.28127815810624857,7.22,2,
634,Gl 904,17Iot Psc,44.73,44.34,-3.89,4.39,F,F7V,3.650900524844983,4.13,1,
635,Gl 215,,44.78,1.29,20.82,39.62,M,M0,0.040476224868787304,9.02,1,
636,GJ 3520,,44.8,-9.28,9.28,42.84,M,m,0.0003073264929204,14.32,1,
637,Gl 333,,44.8,-21.39,21.47,-33,M,M3,0.002185747548686934,12.19,1,
638,Gl 162,,44.86,17.45,33.03,24.86,M,M1,0.013957254577067674,10.18,1,
639,Gl 895.2,,44.86,44.27,-6.07,4.1,D,DAV4,0.0010018437657240246,13.04,1,
640,Gl 310,,44.93,-10.94,13.46,41.45,M,M2,0.03209223768048434,9.28,1,
641,Gl 813,,44.94,29.05,-29.71,17.1,M,M3,0.0026693160636242844,11.98,1,
642,HIP 107427,,44.94,34.81,-23.15,-16.51,,,0.006892868607318448,10.95,1,
643,Gl 853 A and B,Gl 853,44.96,24.08,-11.45,-36.2,G,G1V,1.205639821724469,5.36,2,
644,GJ 3779,,44.99,-38.3,-14.5,18.63,M,M3.5,0.0011148078033638425,12.93,1,
645,GJ 1270,,45.11,31.21,-12.96,29.88,M,m,0.0008348337537236,13.25,1,
646,Gl 524,,45.17,-23.76,-11.69,-36.6,K,k,0.0016703212258150418,12.5,1,
647,GJ 4169,,45.17,30.5,-32.27,8.32,M,m,0.0004313204006994,13.97,1,
648,Gl 394,,45.24,-23.39,9.64,37.5,K,K7 Ve,0.05597576014951096,8.69,1,
649,GJ 1292,,45.24,41.54,-0.41,17.9,K,k-m,0.003435579478998743,11.72,1,
650,Gl 615,,45.29,-10.86,-21.73,-38.23,K,K0V,0.16338041693006802,7.53,1,
651,Gl 512 A and B,Gl 512,45.3,-41.94,-17.02,-1.87,M,M4+...,0.005993479172908378,11.23,2,
652,GJ 3053,,45.3,42.86,8.53,-11.93,M,m,0.0003509134383586,14.2,1,
653,GJ 3336,,45.3,6.41,29.12,34.11,M,M2,0.004668743343920188,11.39,1,
654,GJ 3898,,45.3,-21.09,-23.56,32.44,M,m,0.000767714953769,13.35,1,
655,GJ 4055,,45.3,4.08,-39.73,21.38,M,M3,0.0016951182515314003,12.49,1,
656,GJ 4056,,45.3,4.75,-45.03,1.33,G,g,0.003084608137757138,11.84,1,
657,GJ 4279,,45.3,41.33,-17.75,5.38,M,dM3   :,0.0008653663429563,13.22,1,
658,Gl 606,,45.33,-22.45,-38.84,-6.51,M,M0,0.010715193052376054,10.49,1,
659,Gl 616,18    Sco,45.34,-19.73,-40.28,-6.6,G,G1V,1.0715193052376057,5.49,1,
660,Gl 353,,45.36,-29.18,22,26.86,M,M0,0.014138391390945635,10.19,1,
661,GJ 3637,,45.36,-43.82,11.47,2.38,M,m,0.0003966431879469,14.07,1,
662,Gl 400 A and B,Gl 400,45.39,-33.65,11.36,28.26,M,M2,0.03886297090386471,9.16,2,
663,GJ 1182,,45.43,-37.59,-25.24,3.69,M,m,0.0003218103443093,14.3,1,
664,Gl 836,,45.49,33.9,-23.95,-18.62,M,M3.5,0.0007191177357825,13.43,1,
665,HD 23356,,45.5,24.05,35.63,-14.9,K,K2V,0.24501913368807834,7.1,1,
666,Gl 147,10    Tau,45.54,26.63,36.94,0.32,F,F9V,3.2658783217233576,4.29,1,
667,Gl 899,,45.59,45.3,-5.15,0.14,M,M3,0.005845208403588553,11.16,1,
668,HIP 52190,,45.61,-33.8,12.34,-28.03,,,0.006655795963672291,11.02,1,
669,HIP 52596,,45.67,-37.16,12.56,-23.39,,,0.005551367774352103,11.22,1,
670,GJ 1072,,45.68,12.58,40.4,17.2,M,m,0.0001408639946361,15.21,1,
671,Gl 552,,45.69,-34.98,-26.72,12.23,M,M3,0.00922146665124263,10.67,1,
672,GJ 3564,,45.75,-33.8,22.81,20.75,M,M:,0.00252348077248057,12.08,1,
673,Gl 133,,45.8,5.09,6.14,45.1,M,M2:,0.005633781508509377,11.21,1,
674,Gl 770,,45.82,20.03,-36.78,-18.59,K,K3/K4V,0.5587274389940199,6.22,1,
675,Chalawan,Gl 407|47    UMa,45.87,-33.7,9.11,29.75,G,G0V,1.6749428760264369,5.03,1,Chalawan
676,GJ 1046,,45.9,30.19,20.98,-27.48,,,0.003988411869090523,11.59,1,
677,Gl 201,,45.94,6.93,43.3,13.68,K,K2,0.1163054323328467,7.93,1,
678,GJ 4040,,45.94,-0.3,-31.57,33.38,M,M:,0.0033235330357747747,11.79,1,
679,GJ 3061B,,45.94,40.69,9.12,19.28,M,m,0.0008271799518641,13.3,1,
680,GJ 3490B,,45.94,-20.84,30.84,-26.92,,,0.006880183161430377,11,1,
681,GJ 3861,,45.94,-18.68,-15.24,39.1,M,m,0.0034801663221500348,11.74,1,
682,GJ 4038,,45.94,-0.57,-44.2,12.49,M,m,0.0022573557110214474,12.21,1,
683,GJ 4288A,,45.94,37.53,-13.96,-22.52,M,m,0.007406277836681544,10.92,1,
684,GJ 4289B,,45.94,37.53,-13.96,-22.52,M,m,0.0015191476984475203,12.64,1,
685,Gl 878,,45.94,21.37,-6.3,40.18,M,M3,0.001360191322855669,12.76,1,
686,Gl 739,,45.97,7.81,-29.58,-34.31,M,M4,0.0061094202490557204,11.13,1,
687,Gl 685,,45.98,-2.32,-21.69,40.48,M,M1,0.017635996338979942,9.98,1,
688,Errai,Gl 903|35Gam Cep,46,9.81,-0.89,44.93,K,K1IV,9.003264310597224,3.21,1,Errai
689,GJ 1220,,46,-0.79,-6.28,45.56,M,m,0.0003688077172262,14.18,1,
690,GJ 4073,,46.07,6.57,-34.32,30.02,M,m,0.0000088715601204,18.23,1,
691,Gl 875,,46.09,43.64,-13.69,-5.69,K,K5,0.01978791335233736,9.86,1,
692,GJ 3693,,46.2,-45.83,1.22,5.63,M,M6  :,0.0000122011284703,17.89,1,
693,Gl 42,,46.22,38.82,9.15,-23.36,K,K2V,0.24143487297141508,7.15,1,
694,HIP 36985,,46.23,-18.8,42.16,-2.51,,,0.019733312795365016,9.87,1,
695,Gl 481,,46.24,-43.87,-7.96,12.26,K,K2,0.12000518202042645,7.91,1,
696,Gl 684 A and B,Gl 684|26    Dra,46.28,-2.38,-21.69,40.82,G,G0V,1.5222385852158513,5.23,2,
697,Gl 532,,46.33,-26.32,-13.99,35.46,K,K5,0.05209547473285551,8.82,1,
698,Gl 282 A and B,Gl 282,46.35,-19.55,41.92,-2.91,K,K2V,0.28275806356199007,7.18,2,
699,Gl 111,1Tau1Eri,46.38,33.04,29,-14.77,F,F5/F6V,2.8707805820246897,4.47,1,
700,Dalim A and B,Gl 127|Alp For,46.43,27.17,30.19,-22.5,F,F8V,5.693303278266757,3.8,2,Dalim
701,GJ 3655,,46.46,-44.61,7.5,-10.63,M,M8,0.000002625427319,19.57,1,
702,Gl 589 A and B,Gl 589,46.46,-26.11,-35.72,14.13,M,M4.5:,0.0020978725009846793,12.41,2,
703,HD 150689,,46.52,-11.74,-34.22,-29.24,K,K2V,0.17394021397803056,7.52,1,
704,Gl 807,3Eta Cep,46.53,14.5,-16.49,41.02,K,K0IV,7.6630207227391915,3.41,1,
705,GJ 3211,,46.53,30.77,34.89,0.53,,,0.007733925780489969,10.9,1,
706,Gl 168.1,,46.53,18.16,39.93,15.52,,,0.0001707654472814,15.04,1,
707,GJ 3846,,46.57,-37.12,-27.2,7.2,M,M:,0.0022782427662500796,12.23,1,
708,Gl 726,,46.57,9.55,-45.48,-2.96,K,K5,0.053112898185501245,8.81,1,
709,GJ 3136,,46.59,25.63,16.15,35.4,M,M5  :,0.001828100216142741,12.47,1,
710,GJ 3237,,46.59,27.22,37.71,2.84,M,dM5  :,0.0005081594425606,13.86,1,
711,GJ 3467,,46.59,-22.79,40.21,5.91,M,m,0.0005520774392808,13.77,1,
712,GJ 3729,,46.59,-34.49,-4.4,31.01,M,m,0.0012302687708123812,12.9,1,
713,GJ 3943,,46.59,-7.11,-14.13,-43.83,K,k-m,0.0005623413251903,13.75,1,
714,Gl 529,,46.64,-38.35,-19.91,-17.56,K,K4/K5V,0.09700631337839567,8.16,1,
715,GJ 3148A,,46.72,33.14,22.5,-24.05,,,0.0027797132677592857,12.02,1,
716,Gl 672,72    Her,46.73,-6.73,-38.84,25.08,G,G0V,1.2600854590882373,5.38,1,
717,Gl 546,,46.79,-33.12,-23.61,23.13,K,K5V,0.06754605666335009,8.56,1,
718,Gl 311,3Pi 1UMa,46.82,-12.66,15.19,42.44,G,G1.5Vb,1.004615790278395,5.63,1,
719,Gl 480,,46.87,-45.24,-7.75,9.5,M,M4,0.004558269515401941,11.49,1,
720,Gl 796,,46.91,27.62,-32.86,-18.91,G,G8/K0V,0.5147543199312623,6.36,1,
721,Gl 816,,46.91,33.25,-32.68,-5.16,M,M3,0.005802297599818729,11.23,1,
722,Gl 130.1 A and B,Gl 130.1,46.92,16.22,18.69,39.87,M,M2,0.01629019972976785,10.53,2,
723,Gl 202,111    Tau,46.92,6.92,44.24,14.02,F,F8V SB,1.8030177408595685,5,1,
724,Sharjah,,46.96,-20.05,-39.65,-15.19,,,0.005252910484500484,11.34,1,Sharjah
725,Gl 794,,47,26.56,-33.28,19.91,A,DA3,0.004458615279480702,11.52,1,
726,Gl 763,,47.05,18.83,-42.95,3.76,K,K5,0.03299134337888642,9.35,1,
727,Gl 363,,47.06,-21.72,14.87,39.01,M,M3.5,0.0018130091670170191,12.5,1,
728,GJ 3093A,,47.13,44.09,16.65,0.44,M,m,0.0004694615193826,13.97,1,
729,GJ 3094B,,47.13,44.09,16.65,0.44,M,m,0.0001818025623774,15,1,
730,GJ 4026,,47.13,-2.6,-42.76,19.66,M,m,0.0015545331940607832,12.67,1,
731,Gl 714,,47.13,3.26,-24.57,-40.09,M,M1,0.020873727039105484,9.85,1,
732,GJ 3892,,47.14,-31.86,-34.65,2.6,M,M:,0.004742419852602443,11.46,1,
733,GJ 1171,,47.2,-41.15,-17.16,15.49,,,0.0002339914561055,14.73,1,
734,Gl 712,,47.2,4.52,-46.69,5.21,M,M3,0.0016951182515314003,12.58,1,
735,GJ 3438,,47.26,-12.23,34.48,29.92,M,M1,0.01386755828871889,10.3,1,
736,GJ 1177 A and B,GJ 1177,47.26,-35.57,-18.06,-25.35,K,K5/M1V+K5,0.14348215707162637,8.13,2,
737,GJ 3614,,47.27,-41.48,15.32,-16.7,D,DQP9,0.0000476869998102,16.46,1,
738,GJ 1157,,47.27,-32.3,-3.26,-34.36,K,k,0.0006522288424656,13.62,1,
739,GJ 3866,,47.27,-33.54,-30.04,-14.38,D,DC9,0.0000468166139724,16.48,1,
740,GJ 3893,,47.27,-30.12,-32.89,15.67,M,m,0.000836372991584,13.35,1,
741,Gl 630.1 A and B,Gl 630.1,47.27,-9.36,-23.85,39.7,M,dM4  e,0.001448880222729744,12.9,2,
742,GJ 3997,,47.27,-8.56,-43.87,15.39,M,M2,0.013134090365327325,10.36,1,
743,Gl 123,,47.31,32.48,34.36,1.62,M,M0V,0.043171784447092236,9.07,1,
744,Talitha A and B and C,Gl 331|9Iot UMa,47.32,-22.3,22.45,35.19,A,A7IV,10.372545482847656,3.12,3,Talitha
745,Gl 611 A and B,Gl 611,47.36,-17.67,-32.19,29.9,G,G8V,0.3984725970212479,6.66,2,
746,Gl 549 A and B,Gl 549|23The Boo,47.39,-23.59,-17.33,37.27,F,F7V,4.455052780568189,4.04,2,
747,Gl 875.1,,47.42,38.55,-11.81,24.96,M,M3.5Ve,0.003992087024388079,11.66,1,
748,Gl 334,,47.48,-34.14,32.19,-7.27,M,M0,0.029268468623787892,9.5,1,
749,HIP 75807,,47.48,-28.83,-37.29,-5.76,,,0.001898453656661502,12.47,1,
750,Gl 326 A and B,Gl 326,47.48,-31.84,33.53,-10.78,M,M6   J,0.0032109274151922184,12.52,2,
751,GJ 4203A,,47.54,38.18,-28.3,1.48,D,dM,0.0008456682000994,13.35,1,
752,GJ 4204B,,47.54,38.18,-28.3,1.48,M,m,0.0002932243282303,14.5,1,
753,Gl 281,,47.56,-19.97,43.13,1.81,M,M0,0.025327947656899934,9.66,1,
754,HIP 28035,,47.57,0.79,42.43,-21.49,,,0.00971851702940168,10.7,1,
755,HIP 42525,,47.59,-23.01,27.37,31.4,F,F8,0.019408858775927754,9.95,1,
756,Gl 269 A and B,Gl 269,47.6,-10.77,30.64,-34.8,K,K2V,0.5190764155218497,6.7,2,
757,Gl 116,,47.63,28.73,26.82,26.9,K,K6:,0.02684108083545227,9.6,1,
758,HIP 28936,,47.64,-1.32,46.79,8.89,F,F0,0.023834168206731524,9.73,1,
759,Gl 833,,47.68,24.41,-17.62,-36.98,K,K2V,0.25941793621188125,7.14,1,
760,Gl 838.6,,47.73,27.82,-16.92,-34.91,M,M3,0.002984008115930217,11.99,1,
761,HIP 86961,,47.76,-2.43,-40.38,-25.38,M,M2V:,0.011890496789850966,10.49,1,
762,Gl 259,,47.77,-11.34,41.43,-20.9,K,K1V,0.38690113165510837,6.71,1,
763,Gl 420 A and B,Gl 420,47.77,-13.33,2.64,45.79,K,K5,0.16350995481712696,7.68,2,
764,Gl 596.1 A and B,Gl 596.1|23Psi Ser,47.81,-26.7,-39.6,2.1,G,G5V,0.8501977119846138,5.86,2,
765,GJ 3252,,47.82,25.52,40.44,-0.73,M,m,0.0000115984512119,18.02,1,
766,GJ 1099,,47.82,-19.12,43.83,0.82,M,m,0.0031651915672262615,11.93,1,
767,Gl 613,,47.84,-12.24,-23.44,-39.87,K,K3V,0.2684108083545227,7.11,1,
768,Gl 805,16Psi Cap,47.87,28.7,-32.41,-20.44,F,F5V,4.180228289540324,4.13,1,
769,GJ 3305,,47.96,16.85,44.86,-2.09,M,M1,0.010934526967309195,10.59,1,
770,GJ 3649,,47.96,-44.4,9.31,15.56,M,M1,0.009264031007363985,10.77,1,
771,GJ 3775,,47.96,-45.18,-16,1.87,M,m,0.0012212371301653089,12.97,1,
772,GJ 3809A,,47.96,-42.59,-21.94,2.34,M,M2:,0.006292163512879858,11.19,1,
773,GJ 3894,,47.96,-31.61,-35.06,-8.53,M,M4,0.0003722202530178,14.26,1,
774,GJ 4228,,47.96,39.51,-24.74,11.28,M,m,0.0005044289459524,13.93,1,
775,Gl 233A,,48.04,-5.18,45.19,15.45,K,K0,0.36677523159949493,6.78,1,
776,Gl 604,,48.05,-17.99,-30.44,-32.54,K,K5V,0.11282361216489915,8.06,1,
777,Gl 154,,48.11,23.77,36.02,21.25,K,K5,0.027139384876415866,9.61,1,
778,Gl 289,,48.18,-20.56,40.22,16.77,M,M2,0.004952220800885213,11.46,1,
779,Gl 231.3,,48.25,-4.04,47.75,-5.59,M,M4,0.0011376272858234287,13.06,1,
780,GJ 3770,,48.25,-30.98,-10.2,-35.55,D,DC9+,0.0000288403150313,17.05,1,
781,Gl 521.1,,48.26,-43.61,-20.36,-3.52,M,M0V,0.02731492422089181,9.61,1,
782,GJ 9724,,48.28,25.96,-23.41,-33.31,M,M1:,0.0030817684166115087,11.98,1,
783,Gl 582,Nu 2Lup,48.31,-20.46,-24.77,-36.08,G,G2V,1.0500258721108844,5.65,1,
784,GJ 4338B,,48.32,35.88,-4.82,32,M,M3 :,0.002019296069798116,12.44,1,
785,Gl 514.1,,48.39,-44.19,-18.31,-7.33,M,M4  :,0.0003826484865951,14.25,1,
786,Gl 791,,48.41,25.74,-34.25,-22.54,M,M3,0.005233593651867575,11.41,1,
787,Gl 738 A and B,Gl 738,48.51,10.03,-39.47,26.35,G,G0V,1.7649872724041504,5.2,2,
788,Gl 225,16Eta Lep,48.53,0.74,47.05,-11.88,F,F1V,6.327031548665008,3.71,1,
789,Gl 483,,48.54,-29.48,-5.76,38.12,K,K3V,0.3028307694265777,7.01,1,
790,GJ 4029,,48.54,-1.96,-44.74,18.72,M,m,0.0000017587333541,20.1,1,
791,GJ 1228,,48.54,3.69,-27.74,39.66,D,DXP8,0.0001216746203979,15.5,1,
792,GJ 4337A,,48.54,36.04,-4.84,32.14,M,M2,0.0034450854628657896,11.87,1,
793,Rasalhague,Gl 681|55Alp Oph,48.59,-5.18,-47.14,10.57,A,A5III,28.444611074479155,2.08,1,Rasalhague
794,GJ 1096,,48.61,-13.3,38.46,26.58,M,m+,0.0003121763510848,14.48,1,
795,GJ 2128,,48.62,-9.05,-47.28,6.82,M,M3.5,0.004906818567679515,11.49,1,
796,Gl 781.1 A and B,Gl 781.1,48.62,21.87,-35.09,-25.59,M,M,0.00443208409190077,12.19,2,
797,GJ 3097,,48.68,44.67,17.51,8.25,M,dM3.5,0.0010864256236170645,13.13,1,
798,GJ 3117A,,48.68,18.55,9.85,43.91,M,dM2,0.005495408738576243,11.37,1,
799,GJ 3118B,,48.68,18.56,9.85,43.91,A,DA6,0.0003076096814741,14.5,1,
800,GJ 3208,,48.68,28.27,32.01,23.36,M,m,0.0000380189396321,16.77,1,
801,GJ 3256,,48.68,25.03,41.02,-7.75,M,M3,0.00630957344480193,11.22,1,
802,GJ 3856,,48.68,-36.85,-28.84,13.43,M,m,0.0006982324040772,13.61,1,
803,GJ 4109,,48.68,15.55,-39.92,23.12,M,M3.5,0.00197696964011186,12.48,1,
804,GJ 4276,,48.68,22.69,-9.95,41.91,M,m,0.0013304544179780914,12.91,1,
805,GJ 4352,,48.68,46.53,-4.45,-13.61,M,M2,0.005649369748123017,11.34,1,
806,Gl 258,,48.69,-5,17.31,45.24,M,M5,0.0032210687912834312,11.95,1,
807,Gl 52,,48.7,20.48,6.18,43.75,K,K7V,0.048797772728648575,9,1,
808,Alchiba,Gl 455.3|1Alp Crv,48.72,-44.22,-1.62,-20.38,F,F0IV/V,4.790711300030742,4.02,1,Alchiba
809,GJ 9773,,48.8,43.05,-21.79,7.26,M,M3,0.0031188895840939352,11.99,1,
810,GJ 1279,,48.87,18.07,-4.03,-45.23,K,K5V,0.09444957325077062,8.29,1,
811,GJ 3181,,48.9,35.05,31.16,13.82,M,M6,0.0000352858025829,16.86,1,
812,Gl 163,,48.91,13.56,25.84,-39.25,M,M,0.0037670379898390853,11.79,1,
813,Gl 14,,48.94,36.86,2.76,32.07,M,M0,0.04970499105762346,8.99,1,
814,HIP 12261,,48.96,19.6,16.14,-41.86,,,0.002232543861616742,12.36,1,
815,Gl 364,,48.97,-36.92,25.31,-19.85,G,G0V,2.0931483034474474,4.93,1,
816,Gl 218,,49.02,2.12,39.43,-29.04,M,M2,0.010139113857366778,10.72,1,
817,Alderamin,Gl 826|5Alp Cep,49.05,17.21,-14.62,43.54,A,A7IV-V,20.62528697846573,2.45,1,Alderamin
818,GJ 3965,,49.05,-12.94,-33.27,33.63,A,DA8,0.0002324877101502,14.82,1,
819,Gl 376,20    LMi,49.08,-36.17,20.67,25.95,G,G1V,1.4021678337057588,5.37,1,
820,Gl 818,,49.11,35.25,-33.65,6.04,K,K5,0.09718517029401685,8.27,1,
821,Gl 792,,49.12,23.57,-30.32,30.62,M,M4,0.0008009400305333,13.48,1,
822,Gl 378,,49.24,-28.65,16.15,36.64,M,M2,0.01930189727634576,10.03,1,
823,GJ 3916,,49.26,-26.45,-40.5,-9.31,K,K:...,0.006165950018614816,11.27,1,
824,Gl 55,Nu  Phe,49.3,32.69,11.13,-35.18,F,F8V,2.045502431109353,4.97,1,
825,GJ 3069,,49.42,27.87,7.73,40.07,M,m,0.0001789781439409,15.12,1,
826,GJ 1050,,49.42,31.34,26.27,-27.72,M,m,0.003988411869090523,11.75,1,
827,GJ 3213,,49.42,22.64,26.32,35.17,M,m,0.002212075776464126,12.39,1,
828,GJ 3235,,49.42,29.18,39.67,-4.17,K,k-m,0.0011502705477901137,13.1,1,
829,GJ 3247,,49.42,27.36,40.33,-8.21,M,m,0.0002635117589864,14.7,1,
830,GJ 2070,,49.42,-30.83,38.61,-0.99,M,M3.5,0.0016173350557998512,12.73,1,
831,GJ 3753,,49.42,-27.6,-6.13,40.53,A,DA4,0.0023812226232768382,12.31,1,
832,GJ 3953,,49.42,-17.79,-40.69,21.68,M,m,0.0025398028137728155,12.24,1,
833,GJ 4216,,49.42,40.88,-27.31,-4.98,M,M3.5,0.0015024499029989145,12.81,1,
834,GJ 4367,,49.42,48.69,-2.01,-8.21,M,m,0.0008332973486343,13.45,1,
835,Gl 898,,49.43,46.98,-5.6,-14.33,K,K5/M0V,0.07331620890272109,8.59,1,
836,GJ 1021,,49.44,32.7,6.62,-36.48,G,G5IV,0.9576349769692682,5.8,1,
837,HD 36705,,49.47,2.79,20.36,-45,K,K1III(p),0.35481338923357547,6.88,1,
838,GJ 1081,,49.49,4.08,34.87,34.89,K,k-m,0.002620595554733346,12.21,1,
839,GJ 1085,,49.5,2.46,49.31,-3.53,G,G4V,0.8211074640850878,5.97,1,
840,Gl 759,31    Aql,49.5,17.55,-45.14,10.24,G,G8IVvar,1.715536647728346,5.17,1,
841,HD 1317,,49.53,48.8,3.71,7.64,F,F5,0.4353113592296377,6.66,1,
842,Gl 288 A and B,Gl 288,49.61,-18.25,36.76,-27.86,G,G0V,1.4468181989947524,5.36,2,
843,Gl 648,19    Dra,49.76,-5.77,-20.12,45.15,F,F6Vvar,2.2636016404497483,4.88,1,
844,Gl 227,,49.81,-1.4,47.97,13.35,K,K0,0.40142091820432096,6.76,1,
845,Gl 815 A and B,Gl 815,49.87,27,-26.97,32.1,M,M3Ve,0.021681997000169234,10.12,2,
846,GJ 1059,,49.87,23.44,28.7,33.38,M,m,0.0001502449902999,15.33,1,
847,Gl 811.1,,49.96,34.25,-35.22,-9.06,M,M4,0.005733238386538401,11.38,1,
848,GJ 1294A,,49.99,18.5,0.17,-46.44,M,M0V,0.041190778486773716,9.24,1,
849,GJ 1204,,50.02,-17.7,-46.16,7.66,M,m,0.000618870811419,13.8,1,
850,Gl 599 A and B,Gl 599,50.08,-21.59,-33.08,-30.77,G,G6IV,0.8114045949684293,6.01,2,
851,Gl 240,,50.09,-5.2,31.75,-38.39,K,K0,0.029403565736725056,9.61,1,
852,GJ 2021,,50.18,43.59,13.6,-20.81,M,m,0.0003206269324505,14.52,1,
853,GJ 3198,,50.18,32.66,33.85,-17.47,M,M3,0.0015066070661867417,12.84,1,
854,GJ 3233,,50.18,23.73,31.59,30.94,G,G5,0.2523480772480574,7.28,1,
855,GJ 3279,,50.18,11.18,24.58,-42.29,M,m,0.003926449353995993,11.8,1,
856,GJ 3426,,50.18,-9.63,31.69,37.69,M,m,0.00089949758153,13.4,1,
857,GJ 3503,,50.18,-30.27,38.96,-9.14,M,m,0.000206062991327,15,1,
858,GJ 3720,,50.18,-43.41,-3.56,24.91,M,m,0.0000610942024906,16.32,1,
859,GJ 1158,,50.18,-27.82,-3.6,-41.6,M,M4,0.0010139113857366778,13.27,1,
860,GJ 4185A,,50.18,32.85,-28.54,24.99,M,m,0.001745822152920504,12.68,1,
861,GJ 4186B,,50.18,32.85,-28.54,24.98,M,m,0.0008279421637123,13.49,1,
862,GJ 4306,,50.18,45.92,-13.18,15.34,M,M0,0.0130016957803329,10.5,1,
863,Gl 141,,50.2,31.28,38.98,-4.69,K,K5V,0.14804713248976242,7.86,1,
864,Gl 25 A and B,Gl 25,50.23,45.01,7.4,-21.04,K,K1V+...,1.8009911880966842,5.57,2,
865,Gl 319 A and B and C,Gl 319,50.33,-32.36,37.64,8.36,M,M0,0.03601272919689718,9.62,3,
866,GJ 1062,,50.33,28.58,40.17,-10.02,M,M2,0.0012965820353826284,13.01,1,
867,GJ 3542,,50.33,-20.03,17.13,42.88,M,m,0.0001874131239977,15.11,1,
868,Gl 188 A and B,Gl 188|104    Tau,50.34,10.84,46.45,16.09,G,G4V,3.4045318097852997,4.91,2,
869,Gl 200 A and B,Gl 200,50.39,8.91,49.52,-2.7,K,K3V,0.16720777259350572,7.77,2,
870,GJ 3781A,,50.39,-47.02,-17.97,2.39,G,G5,0.31160183031054617,7.06,1,
871,Gl 375,,50.41,-29.98,17.56,-36.52,M,M5,0.006456542290346556,11.27,1,
872,Gl 731,,50.48,10.85,-47.15,14.41,M,M2,0.01801357864669139,10.16,1,
873,GJ 3077A,,50.49,47.85,15.53,4.33,M,m,0.0014574712612565265,12.89,1,
874,GJ 3078B,,50.49,47.84,15.54,4.31,M,m,0.0005696393733412,13.91,1,
875,GJ 3162,,50.49,38.49,30.24,-12.38,D,DC,0.0001036573256767,15.76,1,
876,GJ 3121,,50.54,30.43,16.19,36.97,D,DAs,0.0022100393173491817,12.44,1,
877,Gl 316.1,,50.57,-30.92,36.69,15.96,M,m,0.0000177337262454,17.68,1,
878,Cervantes,Gl 691|Mu  Ara,50.59,-2.16,-31.19,-39.78,G,G5V,1.8758581737992832,5.12,1,Cervantes
879,Gl 856 A and B,Gl 856,50.59,38.96,-17.45,27.15,M,M0...,0.016156906723760224,10.7,2,
880,Gl 458 A and B,Gl 458,50.62,-29.36,-1.58,41.2,M,M2,0.028367222455630593,9.71,2,
881,Gl 760,30Del Aql,50.64,18.43,-47.08,2.75,F,F0IV,9.50604793656281,3.36,1,
882,Gl 157 A and B,Gl 157,50.65,25.8,43.57,-1.02,K,K4V,0.12919550943566005,8.07,2,
883,Gl 720 A and B,Gl 720,50.71,5.43,-34.97,36.32,M,M2,0.025682341694585407,9.84,2,
884,HD 340611,,50.71,28.65,-35.9,21.48,D,DA,0.005142804319487924,11.53,1,
885,Gl 808,,50.72,6.41,-6.89,-49.85,M,M2.5,0.003833540007590437,11.85,1,
886,HD 139763,,50.74,-27.57,-39.59,-15.72,K,K5V,0.05701642722807472,8.92,1,
887,HIP 98681,,50.76,16.62,-28.04,-38.91,,,0.02269864851883819,9.92,1,
888,Gl 156,,50.77,26.23,43.05,-6.03,M,M0V,0.05204751511705225,9.02,1,
889,Castor B,Castor|Gl 278|66Alp Gem,50.87,-17.33,39.56,26.87,A,A2Vm,65.24389667218838,1.58,3,Castor
890,Helvetios,Gl 882|51    Peg,50.91,45.84,-12.83,18.05,G,G5V,1.4021678337057588,5.45,1,Helvetios
891,Gl 782,,50.93,25.69,-40.2,-17.83,K,K4Vp,0.05796955946535206,8.91,1,
892,Gl 527 A and B,Gl 527|4Tau Boo,50.94,-43.37,-21.92,15.28,F,F7V,3.37509909126387,4.5,2,
893,GJ 1014,,50.96,49.5,7.82,9.27,,,0.0001583434123915,15.32,1,
894,GJ 3296,,50.96,17.55,44.31,18.05,M,m,0.0003073264929204,14.6,1,
895,GJ 3404A,,50.96,-9.31,50,3.18,M,m,0.003188599693386387,12.06,1,
896,GJ 3405B,,50.96,-9.32,50,3.19,M,m,0.0009899197750806,13.33,1,
897,GJ 3654,,50.96,-44.21,8.47,-23.89,M,M4,0.00070404432147,13.7,1,
898,GJ 3685A,,50.96,-50.89,2.74,0.23,M,m,0.001065614202158518,13.25,1,
899,GJ 3686B,,50.96,-50.89,2.73,0.22,M,m,0.0000193909907861,17.6,1,
900,GJ 3815,,50.96,-17.68,-9.48,46.85,M,m,0.0001126159746908,15.69,1,
901,Gl 626.2,,50.96,-15.88,-37.61,30.51,A,DZA6,0.0006131969697157,13.85,1,
902,GJ 4069,,50.96,7.08,-38.56,32.55,M,m,0.0009111712330429,13.42,1,
903,Gl 40 A and B,Gl 40,50.99,45.79,10.48,-19.85,K,K5V,0.05599994815174246,8.95,2,
904,Gl 704 A and B,Gl 704|99    Her,51.02,1.35,-43.91,25.94,F,F7V,2.123190813652651,5.05,2,
905,Gl 492,,51.04,-49.2,-13.22,3.1,D,DC9,0.0001030860740063,15.79,1,
906,GJ 1175,,51.06,-38.07,-17.97,-28.89,K,K1V,0.3640826637894007,6.92,1,
907,GJ 1037,,51.12,46.28,16.39,14.24,D,DQ6,0.0006344537957757,13.82,1,
908,GJ 3666,,51.12,-49.86,6.8,9.03,M,M3,0.00202488330653056,12.56,1,
909,HIP 36349,,51.19,-16.72,40.94,-25.78,M,M1V:e...,0.022263836295529076,9.96,1,
910,Gl 619,,51.27,-16.23,-35.15,33.61,M,M0,0.05455065881703734,8.99,1,
911,HD 222834,,51.31,45.53,-3.16,-23.45,G,G:+...,0.053653739951985156,9.01,1,
912,Gl 397,,51.32,-33.3,13.56,36.62,K,K7V,0.062172738929396024,8.85,1,
913,Gl 246,,51.34,-8.4,39.85,31.27,D,DAn,0.003235936569296281,12.06,1,
914,GJ 4312,,51.36,18.2,-4.24,47.84,M,m,0.00226151774610836,12.45,1,
915,Gl 37,19Phi2Cet,51.38,49.29,10.96,-9.49,F,F7IV-V,1.8484171953696558,5.17,1,
916,GJ 3563,,51.39,-40.06,27.38,-16.93,,,0.003620762177566729,11.94,1,
917,Gl 125,,51.4,24.3,26.4,36.81,M,M2,0.019552396696208865,10.11,1,
918,Gl 758,,51.4,15.33,-40.17,28.16,G,G8V,0.6126324544438647,6.37,1,
919,Gl 778,,51.42,24.29,-40.48,20.37,K,K1V,0.2652161705507879,7.28,1,
920,HIP 82926,,51.48,-10.88,-38.44,-32.46,M,M3Ve+...,0.007318127976744553,11.18,1,
921,Gl 802,,51.53,19.15,-22.16,42.38,M,dM5  e,0.0002918770848197,14.68,1,
922,Gl 433.1,,51.56,-44.52,4.47,25.62,D,DA,0.002195836500973188,12.49,1,
923,Gl 32 A and B,Gl 32,51.59,37.63,7.62,-34.46,K,K5V comp SB,0.20535670459776145,7.89,2,
924,Gl 781,,51.63,15.58,-25.67,42,M,M3,0.003522086356184671,11.98,1,
925,Gl 557,28Sig Boo,51.64,-35.01,-28.01,25.62,F,F3Vwvar,3.5579513055974274,4.47,1,
926,HD 135599,,51.68,-33.9,-39,0.72,K,K0,0.37325015779572046,6.92,1,
927,GJ 4129,,51.69,25.49,-44.93,1.83,K,k,0.003630780547701014,11.95,1,
928,Gl 462,,51.71,-38.17,-3.66,34.69,M,M0V,0.03948207780378825,9.36,1,
929,Gl 777 A and B,Gl 777,51.72,23.03,-38.47,25.78,G,G6IV+...,1.1182853974530857,5.73,2,
930,Gl 889.1,,51.72,50.32,-11.59,3,M,M1V:,0.009558725718846901,10.9,1,
931,Gl 496.1,,51.75,-30.28,-8.82,-41.02,K,K8V,0.05257750822566938,9.05,1,
932,GJ 3218,,51.77,32.74,39.65,-6.02,M,M2,0.006211550208324409,11.37,1,
933,GJ 3261,,51.77,24.65,45.23,5.18,M,dM5  e,0.0015317927158934159,12.89,1,
934,GJ 3294,,51.77,18.82,45.65,15.57,K,k-m,0.0003259867889045,14.57,1,
935,GJ 3320,,51.77,11.91,45.43,21.78,M,M2.5,0.005460092497542737,11.51,1,
936,GJ 3492,,51.77,-6.82,10.35,-50.26,K,k-m,0.003992087024388079,11.85,1,
937,GJ 3625,,51.77,-9,2.92,-50.9,M,m,0.0009145343031205,13.45,1,
938,GJ 3690B,,51.77,-50.95,1.71,9,M,m,0.0002193814991898,15,1,
939,Gl 461A,,51.77,-51.56,-4.61,0.53,M,M0 V,0.0200078305215239,10.1,1,
940,GJ 1167A,,51.77,-43.22,-13.54,25.09,M,dM5,0.000466874334392,14.18,1,
941,Gl 708.3,,51.77,3.68,-51.62,1.37,M,M5,0.002153773355662175,12.52,1,
942,GJ 4102,,51.77,2.3,-6.29,-51.34,M,M3.5,0.001824735830762581,12.7,1,
943,GJ 4262,,51.77,46,-23.64,-2.3,K,k-m,0.003056328280365963,12.14,1,
944,GJ 1268,,51.77,29.17,-12.84,40.8,M,m+,0.0002318462095413,14.94,1,
945,GJ 4292,,51.77,45.3,-15.73,19.51,M,m,0.0002193814991898,15,1,
946,GJ 4319,,51.77,50.47,-9.78,6.08,K,k,0.0012167462039791297,13.14,1,
947,GJ 4355,,51.77,51.09,-4.73,-6.93,D,DA,0.0010894316796591327,13.26,1,
948,GJ 3885,,51.77,-34.12,-34.43,18.18,M,M3,0.003172,12.1,1,
949,Gl 637,,51.8,-4.66,-14.43,-49.53,M,M,0.006274801619978514,11.36,1,
950,Gl 3,,51.82,19.55,0.45,-47.99,K,K5V,0.08830799004185622,8.49,1,
951,Gl 430.1,,51.84,-47.47,5.89,19.98,,,0.01653484012171151,10.31,1,
952,Gl 602,1Chi Her,51.84,-20.17,-32.49,34.99,F,F9V,3.179801427691526,4.6,1,
953,GJ 3463,,51.94,-24.24,45.66,5.02,M,m,0.0002779713267759,14.75,1,
954,GJ 1169,,51.94,-43.37,-15.05,24.28,M,m,0.001096478196143184,13.26,1,
955,Gl 207.1,,51.98,5.94,51.61,1.76,M,M2.5Ve,0.005405053537086685,11.53,1,
956,Gl 841 A and B,Gl 841,52.09,28.22,-16.68,-40.49,M,M0,0.016259337000250215,10.36,2,
957,GJ 1120 A and B,GJ 1120,52.1,-35.74,35.34,13.72,M,M0V:p...,0.1216953019211855,8.67,2,
958,Gl 421 A and B and C,Gl 421,52.16,-48.63,9.6,-16.24,K,K7V,0.0408450951872317,9.97,3,
959,Gl 838,,52.17,29.69,-19.23,-38.34,G,G2V,1.318256738556407,5.57,1,
960,GJ 3366,,52.18,2.91,51.89,-4.73,M,m,0.0003407218616594,14.54,1,
961,GJ 1254,,52.18,15.35,-19.35,45.97,M,m,0.002189777555098574,12.52,1,
962,Gl 112.1,,52.22,38.24,33.92,10.66,K,K5,0.08180879579457473,8.59,1,
963,Gl 263,,52.26,-14.23,49.37,-9.53,M,M5,0.009323951375406328,10.95,1,
964,GJ 3232,,52.27,29.8,39.01,17.96,K,K7 V,0.010804383723712297,10.79,1,
965,Gl 152,,52.28,22.92,34.04,-32.39,K,K1V,0.35776676993611056,6.99,1,
966,Gl 372,,52.33,-44.43,27.44,-3.37,M,M0,0.013765753865094156,10.53,1,
967,Gl 508.2,,52.33,-40.57,-14.96,29.47,M,M0,0.012670682249985478,10.62,1,
968,Gl 862,,52.39,41.85,-17.49,-26.21,K,K4V,0.19570413414806748,7.65,1,
969,Gl 332 A and B,Gl 332,52.41,-27.71,27.56,34.92,F,F5V,6.654248020018832,3.96,2,
970,HIP 111391,,52.44,44.13,-17.38,-22.36,,,0.007118688672622803,11.25,1,
971,Gl 579,,52.44,-32.51,-34.68,22.1,K,K7 V,0.020720488977590042,10.09,1,
972,GJ 3972,,52.45,-15.91,-47.72,14.88,M,M:,0.004537326169379409,11.74,1,
973,Gl 891,,52.46,46.07,-10.16,-22.94,,,0.006995197810512128,11.27,1,
974,Gl 750 A and B,Gl 750,52.5,12.01,-34.52,-37.7,K,K9V...,0.05970915188248808,9.38,2,
975,GJ 1174,,52.52,-34.36,-16.05,36.33,M,M3,0.0017782794100389228,12.76,1,
976,Gl 734 A and B,Gl 734,52.52,12.23,-50.08,10,M,dM0,0.040560697740548414,9.44,2,
977,HIP 17695,,52.61,28.75,44.02,-1.81,,,0.005238416190277907,11.59,1,
978,GJ 2010,,52.61,48.49,7.99,-18.76,A,DA7,0.0003493011375636,14.53,1,
979,GJ 1033,,52.61,45.99,15.26,-20.47,,,0.000491133999647,14.16,1,
980,GJ 3183,,52.61,33.51,31.2,25.9,M,m,0.000590472940407,13.96,1,
981,GJ 3223,,52.61,32.88,41.03,-1.67,D,DZ9,0.0000807606861329,16.12,1,
982,GJ 3455,,52.61,-13.22,29.63,-41.41,M,m,0.0023724660151048073,12.45,1,
983,GJ 1118,,52.61,-31.69,31.94,-27.27,K,k-m,0.000684226672766,13.8,1,
984,GJ 3540,,52.61,-34.55,31.1,24.62,M,m,0.0027491598965510363,12.29,1,
985,GJ 3573,,52.61,-41.66,24.92,20.26,M,m,0.0004733692033483,14.2,1,
986,GJ 3702,,52.61,-44.1,-0.76,-28.67,M,M4.5,0.0005691149576288,14,1,
987,GJ 3764,,52.61,-38.38,-11.98,-33.92,M,M3.5,0.001626297521013409,12.86,1,
988,GJ 3813,,52.61,-44.92,-24.04,13.1,M,M2,0.005048937562011549,11.63,1,
989,GJ 3884,,52.61,-36.72,-37.1,6.56,M,M3.5,0.0018331584286708515,12.73,1,
990,GJ 3910,,52.61,-27.75,-36.79,25.38,M,m,0.0004317178444709,14.3,1,
991,GJ 3945,,52.61,-20.56,-41.4,-25.11,M,M3.5,0.0014832009671818726,12.96,1,
992,GJ 1226,,52.61,4.8,-52.39,-0.97,M,M3.5,0.0018672393883829466,12.71,1,
993,GJ 4198,,52.61,31.72,-24.16,-34.32,M,M3,0.0012000518202042658,13.19,1,
994,GJ 3782B,,52.65,-49.12,-18.78,2.5,G,G5,0.2606153549998896,7.35,1,
995,Gl 165A,,52.69,15.05,29.92,40.67,M,M3.5,0.0007741052270741,13.67,1,
996,Gl 472,,52.76,-18.91,-2.79,-49.17,K,K0V,0.3203317600852811,7.13,1,
997,GJ 1136 A and B,GJ 1136,52.78,-39.92,14.16,-31.5,K,K7V,0.025107415749404637,10.19,2,
998,Gl 844,,52.78,44.04,-24.96,14.96,M,M2,0.01253141174941415,10.65,1,
999,GJ 1183 A and B,GJ 1183,52.78,-42.16,-31.75,-0.35,M,m,0.0011569768251873998,13.95,2,
1000,GJ 4079,,52.82,5.4,-24.16,-46.66,M,M3,0.011555799554021287,10.74,1,
