id,name,scalerank,paths
great-bear-lake-5,Great Bear Lake,0,M -118.84 -65.78 L -119.7 -65.8 L -119.76 -65.75 L -119.59 -65.71 L -119.85 -65.68 L -119.92 -65.61 L -120.11 -65.62 L -119.81 -65.49 L -119.62 -65.47 L -119.48 -65.32 L -119.89 -65.34 L -120.06 -65.19 L -120.26 -65.16 L -120.67 -64.99 L -121.05 -64.93 L -121.23 -64.81 L -121.51 -64.88 L -121.5 -64.94 L -121.4 -64.99 L -121.29 -64.96 L -121.31 -64.98 L -121.23 -65 L -121.08 -64.99 L -120.96 -65.04 L -121.01 -65.08 L -120.98 -65.12 L -120.57 -65.26 L -120.36 -65.44 L -120.33 -65.51 L -120.41 -65.54 L -120.39 -65.58 L -120.83 -65.6 L -121.53 -65.39 L -121.57 -65.36 L -121.52 -65.33 L -121.62 -65.27 L -121.59 -65.17 L -121.67 -65.12 L -121.59 -65.09 L -122.06 -64.99 L -122.02 -64.96 L -122.05 -64.95 L -123.49 -65.17 L -122.85 -65.27 L -122.73 -65.34 L -122.75 -65.41 L -122.94 -65.49 L -122.82 -65.49 L -122.76 -65.57 L -122.36 -65.64 L -122.16 -65.77 L -122.15 -65.82 L -122.2 -65.85 L -122.51 -65.9 L -122.55 -65.96 L -122.79 -65.97 L -122.4 -66.01 L -121.84 -65.93 L -121.4 -65.95 L -121.27 -65.99 L -121.25 -66.09 L -121.55 -66.09 L -121.66 -66.18 L -121.91 -66.25 L -123.04 -66.25 L -122.94 -66.18 L -123.11 -66.11 L -123.1 -66.04 L -123.27 -66.17 L -123.86 -66.11 L -124.08 -66.12 L -124.19 -66.18 L -124.6 -66.15 L -124.56 -66 L -124.65 -65.99 L -124.71 -66.04 L -124.65 -66.05 L -124.74 -66.05 L -124.8 -66.01 L -124.8 -65.91 L -125.03 -66.05 L -125.12 -66.17 L -125.08 -66.26 L -124.96 -66.31 L -124.88 -66.27 L -124.7 -66.3 L -124.48 -66.25 L -124.28 -66.37 L -124.01 -66.32 L -123.27 -66.47 L -123.15 -66.53 L -123.16 -66.48 L -123.11 -66.47 L -122.97 -66.48 L -122.89 -66.56 L -122.46 -66.56 L -122.57 -66.57 L -122.52 -66.61 L -122.49 -66.58 L -122.35 -66.62 L -122.32 -66.59 L -122.38 -66.56 L -122.33 -66.56 L -121.46 -66.72 L -121.48 -66.77 L -121.26 -66.8 L -121.16 -66.87 L -120.93 -66.86 L -119.81 -67.05 L -119.74 -67.02 L -119.81 -67.01 L -119.78 -66.98 L -119.43 -66.99 L -119.5 -66.98 L -119.52 -66.95 L -119.49 -66.94 L -119.22 -66.95 L -119.22 -66.91 L -118.96 -66.87 L -119.57 -66.77 L -119.52 -66.73 L -119.81 -66.68 L -120.14 -66.67 L -120.05 -66.63 L -120.38 -66.52 L -120.32 -66.49 L -120.35 -66.48 L -120.25 -66.48 L -120.45 -66.46 L -120.51 -66.42 L -120.45 -66.38 L -120.14 -66.41 L -119.89 -66.33 L -119.65 -66.37 L -119.62 -66.34 L -119.76 -66.34 L -119.8 -66.33 L -119.76 -66.31 L -119.38 -66.34 L -118.83 -66.31 L -118.32 -66.39 L -118.12 -66.47 L -118.16 -66.5 L -118.28 -66.44 L -118.05 -66.6 L -117.61 -66.68 L -117.74 -66.64 L -117.59 -66.63 L -117.87 -66.48 L -117.83 -66.44 L -117.91 -66.41 L -117.55 -66.5 L -117.57 -66.46 L -117.47 -66.44 L -117.59 -66.43 L -117.65 -66.38 L -117.56 -66.36 L -117.71 -66.32 L -117.61 -66.28 L -117.66 -66.23 L -117.81 -66.21 L -117.83 -66.17 L -117.68 -66.19 L -118.03 -66.1 L -117.77 -66.06 L -117.78 -66.03 L -117.96 -66.04 L -117.94 -66.06 L -118.11 -66.03 L -118.15 -65.91 L -118.27 -65.86 L -118.09 -65.8 L -117.81 -65.86 L -118 -65.78 L -117.8 -65.77 L -117.82 -65.73 L -118.37 -65.66 L -118.43 -65.7 L -118.56 -65.68 L -118.59 -65.66 L -118.49 -65.62 L -118.88 -65.73 L -118.78 -65.75 L -118.84 -65.78 Z
great-slave-lake-6,Great Slave Lake,0,M -111.67 -62.39 L -111.26 -62.62 L -110.5 -62.67 L -110.53 -62.69 L -110.43 -62.76 L -110.5 -62.78 L -110.46 -62.8 L -109.75 -62.73 L -110.36 -62.76 L -110.44 -62.7 L -110.4 -62.68 L -109.69 -62.66 L -110.17 -62.55 L -110.76 -62.55 L -110.65 -62.49 L -110.32 -62.54 L -110.66 -62.47 L -110.66 -62.43 L -110.34 -62.52 L -110.19 -62.48 L -109.85 -62.56 L -110.48 -62.39 L -110.26 -62.37 L -110.63 -62.35 L -110.67 -62.41 L -111.03 -62.39 L -111.12 -62.32 L -111.31 -62.28 L -111.22 -62.27 L -111.43 -62.17 L -111.59 -62.14 L -111.5 -62.12 L -111.71 -62.06 L -111.5 -62.08 L -111.47 -62.08 L -111.49 -62.04 L -111.6 -61.95 L -111.82 -61.9 L -112.05 -61.76 L -112.21 -61.61 L -112.64 -61.46 L -112.88 -61.44 L -112.96 -61.39 L -113.07 -61.49 L -113.34 -61.45 L -113.67 -61.31 L -113.71 -61.26 L -113.67 -61.2 L -113.75 -61.16 L -113.66 -61.16 L -113.63 -61.09 L -113.76 -61.01 L -114.04 -60.97 L -114.22 -61.02 L -114.7 -60.9 L -114.8 -60.93 L -115.26 -60.85 L -115.94 -60.84 L -116.4 -60.94 L -116.54 -61.03 L -117.2 -61.06 L -117.51 -61.26 L -117.69 -61.31 L -117.07 -61.15 L -116.7 -61.22 L -116.8 -61.29 L -116.75 -61.33 L -116.21 -61.27 L -115.96 -61.18 L -115.96 -61.22 L -116.02 -61.24 L -115.85 -61.31 L -116.06 -61.38 L -115.94 -61.43 L -115.72 -61.43 L -115.77 -61.52 L -115.66 -61.65 L -115.52 -61.71 L -115.57 -61.71 L -115.55 -61.75 L -114.84 -61.76 L -114.62 -61.86 L -114.69 -61.89 L -114.64 -61.93 L -114.75 -61.94 L -114.79 -62.01 L -115.02 -62.09 L -115.07 -62.16 L -115.04 -62.18 L -115.17 -62.25 L -115.33 -62.23 L -115.24 -62.32 L -115.31 -62.35 L -115.26 -62.48 L -115.7 -62.48 L -115.78 -62.53 L -115.7 -62.55 L -115.82 -62.57 L -115.8 -62.61 L -116.05 -62.71 L -115.99 -62.79 L -115.69 -62.7 L -115.78 -62.66 L -115.31 -62.62 L -115.19 -62.53 L -114.86 -62.46 L -114.71 -62.37 L -114.24 -62.4 L -114.21 -62.38 L -114.25 -62.32 L -113.75 -62.16 L -113.79 -62.12 L -113.56 -62.06 L -113.54 -62.05 L -113.59 -62.04 L -113.54 -62.01 L -113.43 -62.04 L -113.27 -61.99 L -113.15 -62.03 L -113.02 -62.01 L -112.93 -62.08 L -112.88 -62.04 L -112.44 -62.08 L -111.93 -62.33 L -111.67 -62.39 Z
mcleod-bay-7,McLeod Bay,0,M -111.7 -62.4 L -111.46 -62.69 L -110.75 -62.92 L -109.92 -62.95 L -109.96 -62.92 L -109.7 -62.92 L -108.96 -62.8 L -109.16 -62.73 L -108.9 -62.79 L -109.01 -62.73 L -108.98 -62.71 L -109.02 -62.68 L -109.34 -62.58 L -109.16 -62.66 L -109.28 -62.64 L -109.21 -62.7 L -109.3 -62.68 L -109.32 -62.73 L -109.94 -62.82 L -110.63 -62.84 L -110.75 -62.8 L -110.58 -62.77 L -111.42 -62.63 L -111.67 -62.39 L -111.7 -62.4 Z
lake-winnipeg-8,Lake Winnipeg,0,M -96.28 -51.24 L -96.26 -51.2 L -96.36 -51.16 L -96.31 -51.12 L -96.42 -51.1 L -96.35 -50.78 L -96.38 -50.71 L -96.29 -50.62 L -96.42 -50.63 L -96.54 -50.73 L -96.6 -50.66 L -96.62 -50.54 L -96.57 -50.48 L -96.61 -50.43 L -96.71 -50.39 L -96.92 -50.43 L -96.99 -50.7 L -96.95 -50.83 L -96.98 -50.89 L -96.91 -51 L -96.94 -51.05 L -96.61 -51.35 L -96.73 -51.37 L -96.89 -51.21 L -96.99 -51.21 L -96.93 -51.34 L -96.74 -51.54 L -96.73 -51.61 L -96.8 -51.61 L -96.78 -51.67 L -96.9 -51.73 L -97.1 -51.66 L -97.12 -51.52 L -97.27 -51.44 L -97.3 -51.64 L -97.22 -51.81 L -97.34 -52.04 L -97.42 -52.04 L -97.58 -51.92 L -97.61 -51.99 L -97.48 -52.13 L -97.65 -52.1 L -97.69 -52.15 L -97.78 -52.1 L -97.71 -52.08 L -97.81 -51.93 L -97.75 -51.87 L -98.03 -51.95 L -98.05 -52.09 L -98.14 -52.14 L -98.2 -52.3 L -98.42 -52.36 L -98.47 -52.5 L -98.8 -52.71 L -98.82 -52.79 L -98.89 -52.84 L -98.89 -52.92 L -98.44 -53.06 L -98.78 -53.09 L -98.84 -53.03 L -98.93 -53.07 L -99.01 -53.04 L -99.25 -53.19 L -99.19 -53.38 L -99.08 -53.46 L -99.03 -53.58 L -99.06 -53.6 L -98.97 -53.7 L -99.01 -53.77 L -98.96 -53.86 L -98.83 -53.9 L -98.69 -53.84 L -98.38 -53.86 L -98.07 -53.77 L -97.99 -53.69 L -97.89 -53.71 L -98.24 -53.89 L -98.32 -53.99 L -98.03 -54.41 L -97.91 -54.36 L -97.98 -54.31 L -97.8 -54.32 L -97.89 -54.25 L -98.15 -54.19 L -98.15 -54.05 L -98.23 -54.02 L -98.07 -53.93 L -98.03 -53.99 L -97.74 -54.09 L -97.77 -54 L -97.98 -53.96 L -97.93 -53.9 L -97.95 -53.86 L -97.82 -53.72 L -97.83 -53.61 L -97.67 -53.48 L -97.67 -53.41 L -97.42 -53.17 L -97.41 -53.05 L -97.33 -53.02 L -97.44 -52.96 L -97.38 -52.9 L -97.41 -52.87 L -97.2 -52.68 L -97.1 -52.44 L -97.03 -52.41 L -97.07 -52.33 L -97 -52.28 L -97.09 -52.24 L -96.83 -51.97 L -96.86 -51.87 L -96.72 -51.83 L -96.68 -51.78 L -96.78 -51.76 L -96.54 -51.54 L -96.58 -51.49 L -96.48 -51.39 L -96.28 -51.24 Z
lake-erie-9,Lake Erie,0,M -83.08 -42.3 L -83.11 -42.06 L -82.87 -41.98 L -82.62 -42.04 L -82.5 -41.91 L -82.49 -42.04 L -82.39 -42.13 L -82.08 -42.25 L -81.92 -42.26 L -81.86 -42.33 L -81.9 -42.26 L -81.86 -42.26 L -81.79 -42.4 L -81.36 -42.65 L -80.93 -42.67 L -80.51 -42.57 L -80.11 -42.54 L -80.05 -42.56 L -80.1 -42.57 L -80.45 -42.62 L -80.23 -42.78 L -79.72 -42.87 L -79.09 -42.85 L -78.92 -42.93 L -79.04 -43.01 L -79.07 -43.11 L -78.89 -43.05 L -78.94 -42.98 L -78.87 -42.85 L -78.88 -42.78 L -79.03 -42.71 L -79.16 -42.58 L -79.56 -42.36 L -80.11 -42.13 L -80.09 -42.17 L -80.38 -42.02 L -81.35 -41.73 L -81.74 -41.5 L -82.04 -41.51 L -82.46 -41.39 L -82.68 -41.5 L -82.61 -41.43 L -82.79 -41.48 L -82.93 -41.43 L -83.06 -41.46 L -82.71 -41.54 L -82.85 -41.59 L -82.88 -41.54 L -82.99 -41.54 L -83.47 -41.75 L -83.31 -41.94 L -83.26 -41.93 L -83.27 -41.98 L -83.18 -42.02 L -83.19 -42.11 L -83.08 -42.3 Z
lake-ontario-10,Lake Ontario,0,M -76.09 -43.97 L -76.22 -43.86 L -76.23 -43.9 L -76.3 -43.86 L -76.24 -43.82 L -76.21 -43.65 L -76.17 -43.67 L -76.25 -43.54 L -76.42 -43.53 L -76.71 -43.34 L -76.93 -43.3 L -76.96 -43.26 L -77.37 -43.3 L -77.58 -43.26 L -77.75 -43.34 L -78.11 -43.39 L -78.69 -43.36 L -79.33 -43.19 L -79.59 -43.22 L -79.77 -43.29 L -79.59 -43.57 L -79.47 -43.65 L -79.37 -43.64 L -79.1 -43.83 L -77.8 -44.02 L -77.68 -44 L -77.74 -44.03 L -77.71 -44.04 L -77.53 -44.02 L -77.58 -44 L -77.48 -43.95 L -77.25 -43.97 L -77.33 -43.96 L -77.26 -43.92 L -77.17 -43.96 L -77.24 -43.88 L -77.12 -43.86 L -76.85 -43.95 L -77.04 -43.96 L -76.85 -44.12 L -77.12 -44.04 L -77.07 -44.18 L -77.26 -44.14 L -77.31 -44.09 L -77.34 -44.11 L -77.31 -44.15 L -77.59 -44.08 L -77.56 -44.12 L -77.01 -44.22 L -77.04 -44.14 L -76.89 -44.18 L -77.07 -44.09 L -76.97 -44.08 L -76.64 -44.24 L -76.44 -44.25 L -75.97 -44.39 L -75.81 -44.5 L -75.77 -44.45 L -75.85 -44.38 L -76.37 -44.12 L -76.3 -44.03 L -76.16 -44.08 L -76.13 -44.05 L -76.21 -43.99 L -76.08 -44.01 L -76.09 -43.97 Z
lake-saint-clair-11,Lake Saint Clair,0,M -83.08 -42.31 L -82.89 -42.4 L -82.86 -42.56 L -82.77 -42.6 L -82.81 -42.65 L -82.71 -42.7 L -82.63 -42.68 L -82.61 -42.58 L -82.64 -42.55 L -82.6 -42.52 L -82.42 -42.5 L -82.41 -42.38 L -82.48 -42.33 L -82.95 -42.34 L -83.08 -42.31 Z
lake-okeechobee-12,Lake Okeechobee,1,M -80.63 -27.01 L -80.62 -26.9 L -80.69 -26.75 L -80.73 -26.77 L -80.74 -26.69 L -80.9 -26.75 L -81.1 -26.96 L -80.79 -27.2 L -80.63 -27.01 Z
lago-de-nicaragua-13,Lago de Nicaragua,1,M -84.78 -11.16 L -84.77 -11.09 L -84.9 -11.03 L -85.26 -11.1 L -85.63 -11.26 L -85.75 -11.38 L -85.86 -11.59 L -85.86 -11.69 L -85.86 -11.66 L -85.92 -11.72 L -85.88 -11.76 L -85.93 -11.87 L -85.89 -11.88 L -85.94 -11.97 L -85.87 -12.1 L -85.78 -12.12 L -85.65 -12.04 L -85.6 -12.05 L -85.43 -11.87 L -85.37 -11.88 L -85.19 -11.76 L -84.9 -11.43 L -84.86 -11.31 L -84.79 -11.26 L -84.78 -11.16 Z
wollaston-lake-15,Wollaston Lake,2,M -103.64 -58.39 L -103.56 -58.46 L -103.51 -58.42 L -103.23 -58.46 L -103.19 -58.5 L -103.25 -58.52 L -103.19 -58.57 L -103.15 -58.52 L -102.92 -58.55 L -102.98 -58.51 L -102.93 -58.46 L -102.77 -58.41 L -102.85 -58.31 L -102.89 -58.36 L -103.02 -58.26 L -102.99 -58.24 L -103.04 -58.2 L -102.89 -58.22 L -102.95 -58.16 L -103.06 -58.11 L -103.02 -58.17 L -103.05 -58.18 L -103.25 -58.1 L -103.31 -57.89 L -103.25 -57.83 L -103.15 -57.87 L -103.29 -57.72 L -103.41 -57.67 L -103.27 -57.8 L -103.36 -57.87 L -103.56 -57.9 L -103.73 -57.77 L -103.87 -57.76 L -103.63 -57.94 L -103.83 -57.96 L -103.57 -58.05 L -103.59 -58.09 L -103.52 -58.12 L -103.8 -58.06 L -103.64 -58.16 L -103.64 -58.23 L -103.56 -58.29 L -103.69 -58.26 L -103.59 -58.37 L -103.64 -58.39 Z
reindeer-lake-16,Reindeer Lake,2,M -101.52 -57.93 L -101.54 -57.82 L -101.72 -57.69 L -101.76 -57.61 L -101.93 -57.5 L -102.09 -57.5 L -102.09 -57.43 L -102.17 -57.35 L -101.95 -57.35 L -101.83 -57.29 L -102.07 -57.19 L -102.07 -57.12 L -101.99 -57.03 L -101.95 -57.04 L -101.96 -56.99 L -102.06 -56.98 L -102.2 -56.85 L -102.31 -56.86 L -102.42 -56.79 L -102.42 -56.76 L -102.23 -56.76 L -102.43 -56.7 L -102.5 -56.64 L -102.41 -56.63 L -102.44 -56.6 L -102.57 -56.6 L -102.59 -56.55 L -102.94 -56.46 L -102.91 -56.4 L -102.97 -56.36 L -103.06 -56.36 L -103.11 -56.44 L -103.24 -56.34 L -103.25 -56.27 L -103.3 -56.28 L -103.3 -56.39 L -103.18 -56.49 L -103.26 -56.51 L -103.3 -56.46 L -103.32 -56.56 L -103.22 -56.6 L -103.19 -56.54 L -103.15 -56.54 L -103.11 -56.87 L -103.05 -56.88 L -103.05 -56.76 L -103.13 -56.48 L -102.96 -56.54 L -102.76 -56.8 L -102.77 -56.7 L -102.87 -56.6 L -102.67 -56.7 L -102.71 -56.74 L -102.68 -56.78 L -102.56 -56.78 L -102.56 -57.07 L -102.78 -57.09 L -102.69 -57.14 L -102.75 -57.17 L -102.67 -57.21 L -102.68 -57.25 L -102.76 -57.24 L -102.8 -57.32 L -102.98 -57.26 L -102.91 -57.33 L -102.96 -57.37 L -102.9 -57.41 L -102.94 -57.45 L -102.78 -57.49 L -102.67 -57.58 L -102.72 -57.69 L -102.63 -57.72 L -102.57 -57.68 L -102.41 -57.85 L -102.15 -57.94 L -102.12 -57.98 L -102.16 -58.04 L -102.08 -58.05 L -102.08 -58.1 L -102 -58.13 L -101.96 -58.11 L -102.06 -57.97 L -101.98 -57.94 L -101.87 -57.99 L -101.86 -58.12 L -101.77 -58.16 L -101.83 -58.06 L -101.77 -57.95 L -101.93 -57.78 L -101.84 -57.85 L -101.78 -57.82 L -101.71 -57.88 L -101.72 -57.94 L -101.66 -57.89 L -101.52 -57.93 Z
lake-of-the-woods-17,Lake of the Woods,2,M -94.33 -49.09 L -94.46 -48.97 L -94.59 -48.94 L -94.67 -48.86 L -94.84 -48.87 L -94.99 -48.98 L -95.23 -48.88 L -95.33 -48.93 L -95.32 -48.99 L -95.23 -49.03 L -95.29 -49.09 L -95.26 -49.16 L -95.14 -49.19 L -95.12 -49.15 L -94.94 -49.22 L -94.94 -49.32 L -95.08 -49.37 L -94.93 -49.39 L -94.86 -49.52 L -94.71 -49.54 L -94.62 -49.62 L -94.75 -49.63 L -94.85 -49.54 L -95.11 -49.45 L -95.16 -49.48 L -95.1 -49.56 L -95.18 -49.61 L -95.12 -49.65 L -94.99 -49.64 L -94.94 -49.62 L -94.98 -49.57 L -94.88 -49.57 L -94.81 -49.63 L -94.9 -49.65 L -94.82 -49.69 L -94.52 -49.7 L -94.57 -49.83 L -94.71 -49.95 L -94.65 -49.99 L -94.53 -49.95 L -94.56 -49.86 L -94.46 -49.73 L -94.27 -49.69 L -94.38 -49.64 L -94.25 -49.59 L -94.42 -49.59 L -94.31 -49.51 L -94.07 -49.45 L -94.18 -49.45 L -94.02 -49.37 L -94.06 -49.35 L -94.02 -49.32 L -94.05 -49.24 L -94.14 -49.19 L -94.07 -49.27 L -94.22 -49.32 L -94.2 -49.4 L -94.33 -49.38 L -94.22 -49.47 L -94.27 -49.48 L -94.62 -49.47 L -94.76 -49.42 L -94.81 -49.34 L -94.78 -49.31 L -94.68 -49.37 L -94.56 -49.34 L -94.62 -49.33 L -94.51 -49.24 L -94.31 -49.28 L -94.25 -49.21 L -94.28 -49.17 L -94.01 -49.18 L -94.15 -49.1 L -94.27 -49.12 L -94.33 -49.09 Z
lake-nipigon-18,Lake Nipigon,2,M -88.94 -50.05 L -88.86 -50.07 L -88.82 -50.19 L -88.66 -50.29 L -88.56 -50.22 L -88.48 -50.25 L -88.32 -50.14 L -88.27 -50.14 L -88.28 -50.18 L -88.43 -50.29 L -88.21 -50.22 L -88.15 -50.12 L -88.17 -50.09 L -88.24 -50.13 L -88.21 -50.06 L -88.23 -49.99 L -88.15 -50.04 L -88.01 -49.96 L -88.2 -49.91 L -88.1 -49.89 L -88.15 -49.78 L -88.11 -49.66 L -88.17 -49.59 L -88.15 -49.4 L -88.2 -49.47 L -88.23 -49.44 L -88.35 -49.47 L -88.43 -49.37 L -88.55 -49.57 L -88.57 -49.53 L -88.53 -49.48 L -88.62 -49.41 L -88.76 -49.44 L -88.8 -49.49 L -88.72 -49.59 L -88.58 -49.6 L -88.6 -49.65 L -88.73 -49.61 L -88.76 -49.64 L -88.79 -49.55 L -88.96 -49.48 L -89.05 -49.59 L -88.91 -49.55 L -88.92 -49.76 L -89.05 -49.71 L -89.06 -49.77 L -89.11 -49.77 L -89.07 -49.87 L -89.05 -49.8 L -88.98 -49.78 L -88.93 -49.83 L -88.98 -49.88 L -88.85 -49.94 L -88.94 -50.05 Z
lake-manitoba-19,Lake Manitoba,2,M -97.95 -50.43 L -97.94 -50.33 L -98.17 -50.22 L -98.51 -50.21 L -98.58 -50.31 L -98.52 -50.42 L -98.6 -50.57 L -98.71 -50.76 L -98.85 -50.87 L -98.83 -50.97 L -98.91 -50.97 L -99.02 -51.09 L -98.99 -51.16 L -98.89 -51.02 L -98.85 -51.02 L -98.78 -51.1 L -98.85 -51.09 L -98.88 -51.14 L -98.85 -51.26 L -98.93 -51.18 L -99.02 -51.29 L -99.07 -51.28 L -99.11 -51.5 L -99.16 -51.56 L -99.26 -51.53 L -99.31 -51.64 L -99.46 -51.64 L -99.52 -51.5 L -99.55 -51.72 L -99.45 -51.81 L -99.32 -51.78 L -99.21 -51.63 L -99.14 -51.66 L -99.19 -51.76 L -99.16 -51.79 L -99.11 -51.71 L -99.04 -51.7 L -98.98 -51.46 L -98.88 -51.34 L -98.91 -51.58 L -98.99 -51.67 L -98.95 -51.71 L -98.83 -51.72 L -98.72 -51.58 L -98.81 -51.41 L -98.73 -51.31 L -98.56 -51.29 L -98.56 -51.22 L -98.66 -51.17 L -98.64 -51.1 L -98.72 -51.1 L -98.7 -51.06 L -98.77 -51.04 L -98.76 -50.93 L -98.39 -50.84 L -97.95 -50.43 Z
lake-winnipegosis-20,Lake Winnipegosis,2,M -99.64 -51.68 L -99.61 -51.62 L -99.72 -51.62 L -99.78 -51.58 L -99.94 -51.69 L -99.96 -51.8 L -99.89 -51.85 L -99.97 -52.04 L -100.03 -52.03 L -99.97 -51.84 L -100.01 -51.72 L -100.15 -51.92 L -100.11 -51.97 L -100.16 -52.03 L -100.17 -52.31 L -100.12 -52.4 L -100.02 -52.44 L -100.03 -52.51 L -99.98 -52.56 L -100.07 -52.62 L -100.05 -52.8 L -100.14 -52.8 L -100.27 -52.9 L -100.36 -52.81 L -100.37 -52.78 L -100.26 -52.78 L -100.28 -52.73 L -100.23 -52.65 L -100.26 -52.6 L -100.28 -52.66 L -100.37 -52.66 L -100.32 -52.71 L -100.43 -52.74 L -100.42 -52.96 L -100.51 -52.95 L -100.56 -53.01 L -100.73 -52.97 L -100.6 -52.9 L -100.6 -52.86 L -100.68 -52.83 L -100.67 -52.75 L -100.83 -52.74 L -100.82 -52.83 L -100.96 -52.8 L -100.93 -52.86 L -101.02 -52.89 L -100.96 -52.94 L -101.01 -52.97 L -100.97 -53 L -101.11 -53.11 L -100.96 -53.15 L -100.9 -53.08 L -100.69 -53.09 L -100.53 -53.18 L -100.39 -53.1 L -99.74 -52.96 L -99.8 -52.86 L -99.68 -52.92 L -99.73 -52.82 L -99.69 -52.78 L -99.71 -52.75 L -99.64 -52.54 L -99.75 -52.33 L -99.86 -52.26 L -99.82 -52.06 L -99.75 -52.06 L -99.73 -51.96 L -99.76 -51.91 L -99.82 -51.91 L -99.81 -51.76 L -99.72 -51.73 L -99.68 -51.88 L -99.63 -51.84 L -99.64 -51.68 Z
lake-athabasca-21,Lake Athabasca,2,M -109.18 -59.09 L -109.28 -59.14 L -109.92 -59.01 L -110.39 -58.8 L -110.48 -58.67 L -110.36 -58.7 L -110.41 -58.61 L -110.59 -58.65 L -110.77 -58.63 L -110.76 -58.54 L -110.84 -58.48 L -110.84 -58.64 L -110.94 -58.64 L -111.09 -58.51 L -111.12 -58.54 L -111.07 -58.62 L -111.29 -58.7 L -111.33 -58.76 L -111.17 -58.8 L -111.13 -58.77 L -111.16 -58.7 L -110.91 -58.79 L -110.56 -59.11 L -110.39 -59.13 L -109.96 -59.34 L -109.83 -59.35 L -109.87 -59.4 L -109.77 -59.41 L -109.83 -59.42 L -109.75 -59.49 L -109.49 -59.61 L -109.15 -59.6 L -109.05 -59.48 L -108.83 -59.53 L -108.76 -59.5 L -108.94 -59.37 L -108.15 -59.48 L -107.86 -59.42 L -107.52 -59.41 L -107.25 -59.32 L -106.89 -59.35 L -106.88 -59.31 L -106.64 -59.29 L -106.02 -59.28 L -106.8 -59.25 L -107.16 -59.31 L -107.59 -59.29 L -107.67 -59.35 L -107.76 -59.34 L -107.83 -59.2 L -109.18 -59.09 Z
lake-mistassini-22,Lake Mistassini,2,M -73.4 -50.82 L -73.54 -50.73 L -73.4 -50.9 L -73.21 -50.99 L -73.24 -51.03 L -73.11 -51.11 L -73.17 -51.17 L -73.63 -50.77 L -73.58 -50.83 L -73.63 -50.84 L -73.82 -50.58 L -73.82 -50.44 L -73.79 -50.37 L -73.74 -50.37 L -73.82 -50.36 L -73.84 -50.47 L -73.83 -50.22 L -74.1 -50.08 L -74.05 -50.07 L -74.08 -50.05 L -74.21 -50.05 L -73.97 -50.2 L -73.83 -50.23 L -73.92 -50.38 L -73.86 -50.36 L -73.89 -50.43 L -73.81 -50.67 L -73.94 -50.53 L -73.93 -50.49 L -73.88 -50.51 L -73.93 -50.43 L -74.01 -50.48 L -74.23 -50.29 L -74.08 -50.46 L -74 -50.65 L -73.83 -50.88 L -73.93 -50.88 L -73.86 -50.96 L -73.94 -50.99 L -73.73 -51.03 L -73.34 -51.28 L -73.07 -51.39 L -72.93 -51.37 L -73.17 -51.25 L -72.78 -51.37 L -72.81 -51.31 L -73.13 -51.17 L -73.06 -51.14 L -72.73 -51.28 L -72.74 -51.24 L -72.62 -51.24 L -72.96 -51.13 L -73.16 -50.96 L -73.15 -51.04 L -73.17 -50.97 L -73.4 -50.82 Z
lake-superior-460,Lake Superior,0,M -84.49 -46.47 L -84.57 -46.42 L -84.66 -46.5 L -84.82 -46.46 L -85.03 -46.5 L -85.06 -46.53 L -85.01 -46.72 L -84.95 -46.79 L -85.2 -46.78 L -85.52 -46.68 L -86.15 -46.69 L -86.66 -46.44 L -86.76 -46.5 L -86.88 -46.46 L -87.01 -46.55 L -87.35 -46.52 L -87.63 -46.83 L -87.8 -46.9 L -88.12 -46.93 L -88.3 -46.83 L -88.17 -46.97 L -88.49 -46.78 L -88.45 -47 L -88.52 -47.05 L -88.51 -47.11 L -88.63 -47.15 L -88.64 -47.24 L -88.89 -47.12 L -88.97 -47.02 L -89.13 -47.01 L -89.31 -46.89 L -89.79 -46.83 L -90.06 -46.68 L -90.44 -46.58 L -90.76 -46.7 L -90.73 -46.68 L -90.78 -46.64 L -90.96 -46.61 L -90.76 -46.9 L -90.86 -46.97 L -91.13 -46.86 L -91.22 -46.88 L -91.4 -46.79 L -91.79 -46.71 L -91.96 -46.69 L -92.11 -46.77 L -90.79 -47.62 L -90.09 -47.81 L -89.33 -48.12 L -89.21 -48.33 L -89.24 -48.4 L -89.19 -48.47 L -88.78 -48.59 L -88.86 -48.39 L -88.94 -48.32 L -88.73 -48.38 L -88.62 -48.62 L -88.55 -48.64 L -88.56 -48.7 L -88.51 -48.72 L -88.54 -48.78 L -88.49 -48.85 L -88.36 -48.84 L -88.32 -48.75 L -88.56 -48.54 L -88.59 -48.49 L -88.56 -48.43 L -88.43 -48.57 L -88.3 -48.6 L -88.33 -48.66 L -88.27 -48.61 L -88.23 -48.64 L -88.23 -48.6 L -88.11 -48.71 L -88.11 -48.8 L -88.26 -48.89 L -88.27 -48.99 L -88.18 -48.97 L -88.04 -49.03 L -87.94 -48.95 L -87.58 -48.88 L -87.54 -48.84 L -87.44 -48.84 L -87.29 -48.77 L -86.99 -48.81 L -86.85 -48.76 L -86.72 -48.81 L -86.62 -48.79 L -86.63 -48.75 L -86.43 -48.77 L -86.27 -48.59 L -86.08 -48.16 L -85.86 -47.98 L -85.53 -47.93 L -84.86 -47.96 L -84.84 -47.92 L -84.94 -47.83 L -84.89 -47.8 L -85.03 -47.62 L -84.9 -47.51 L -84.73 -47.44 L -84.58 -47.31 L -84.72 -47.15 L -84.78 -46.99 L -84.61 -46.91 L -84.46 -46.94 L -84.36 -46.89 L -84.39 -46.84 L -84.55 -46.83 L -84.55 -46.7 L -84.48 -46.76 L -84.43 -46.71 L -84.59 -46.56 L -84.49 -46.47 Z
lake-michigan-461,Lake Michigan,0,M -84.77 -45.8 L -84.99 -45.78 L -84.94 -45.73 L -85.1 -45.6 L -85.09 -45.49 L -84.91 -45.42 L -84.94 -45.4 L -85.17 -45.38 L -85.39 -45.26 L -85.39 -45.01 L -85.54 -44.77 L -85.48 -44.99 L -85.52 -45 L -85.61 -44.79 L -85.66 -44.85 L -85.56 -45.22 L -85.64 -45.19 L -85.83 -44.95 L -85.94 -44.98 L -86 -44.92 L -86.08 -44.92 L -86.09 -44.75 L -86.25 -44.71 L -86.27 -44.37 L -86.52 -44.08 L -86.44 -43.82 L -86.54 -43.63 L -86.36 -43.26 L -86.26 -43.27 L -86.33 -43.22 L -86.22 -42.96 L -86.22 -42.71 L -86.3 -42.4 L -86.6 -41.94 L -86.8 -41.78 L -87.2 -41.63 L -87.39 -41.64 L -87.49 -41.7 L -87.59 -41.82 L -87.68 -42.07 L -87.81 -42.24 L -87.77 -42.79 L -87.9 -43.02 L -87.87 -43.1 L -87.91 -43.27 L -87.7 -43.71 L -87.72 -43.94 L -87.64 -44.1 L -87.5 -44.2 L -87.55 -44.32 L -87.33 -44.8 L -87.45 -44.89 L -87.62 -44.84 L -87.76 -44.67 L -87.94 -44.54 L -88.04 -44.58 L -87.98 -44.73 L -87.82 -44.95 L -87.64 -45.01 L -87.6 -45.17 L -87.34 -45.42 L -87.17 -45.67 L -87.09 -45.7 L -86.99 -45.92 L -86.96 -45.69 L -86.86 -45.73 L -86.78 -45.87 L -86.68 -45.84 L -86.55 -45.88 L -86.56 -45.78 L -86.63 -45.78 L -86.71 -45.67 L -86.62 -45.61 L -86.62 -45.67 L -86.52 -45.76 L -86.36 -45.81 L -86.25 -45.95 L -86.08 -45.97 L -85.92 -45.93 L -85.9 -45.98 L -85.64 -45.99 L -85.53 -46.11 L -85.34 -46.11 L -85.02 -46.03 L -84.78 -45.86 L -84.77 -45.8 Z
lake-huron-462,Lake Huron,0,M -79.67 -44.77 L -79.88 -44.77 L -79.87 -44.81 L -79.94 -44.81 L -79.93 -44.87 L -80.11 -44.82 L -80.11 -44.76 L -79.99 -44.69 L -80.01 -44.53 L -80.11 -44.48 L -80.58 -44.61 L -80.68 -44.73 L -80.83 -44.69 L -80.94 -44.59 L -80.9 -44.79 L -80.99 -44.82 L -81.13 -44.76 L -81.01 -44.86 L -80.95 -44.97 L -81.09 -44.91 L -81.15 -44.92 L -81.12 -44.96 L -81.2 -44.98 L -81.19 -45.01 L -81.26 -45 L -81.27 -45.11 L -81.33 -45.17 L -81.3 -45.25 L -81.69 -45.27 L -81.71 -45.21 L -81.57 -45.2 L -81.6 -45.16 L -81.43 -44.98 L -81.35 -44.98 L -81.36 -44.89 L -81.28 -44.81 L -81.27 -44.62 L -81.41 -44.44 L -81.59 -44.34 L -81.62 -44.22 L -81.74 -44.1 L -81.7 -43.52 L -81.75 -43.35 L -82.12 -43.11 L -82.42 -43.02 L -82.53 -43.28 L -82.64 -43.81 L -82.81 -44.03 L -82.97 -44.07 L -83.4 -43.92 L -83.34 -43.9 L -83.47 -43.72 L -83.54 -43.73 L -83.68 -43.61 L -83.93 -43.7 L -83.93 -43.88 L -83.86 -43.99 L -83.59 -44.06 L -83.53 -44.27 L -83.47 -44.26 L -83.33 -44.35 L -83.3 -44.81 L -83.46 -45.01 L -83.41 -45.08 L -83.27 -45.04 L -83.41 -45.24 L -83.38 -45.28 L -83.47 -45.34 L -83.94 -45.5 L -84.12 -45.51 L -84.22 -45.64 L -84.5 -45.68 L -84.77 -45.8 L -84.78 -45.86 L -84.71 -45.87 L -84.73 -45.96 L -84.66 -46.06 L -84.56 -46.04 L -84.53 -45.99 L -83.9 -45.97 L -83.89 -46.01 L -84.06 -46.1 L -84.03 -46.15 L -84.26 -46.21 L -84.18 -46.25 L -84.22 -46.36 L -83.88 -46.34 L -83.83 -46.3 L -82.98 -46.18 L -82.63 -46.22 L -82.67 -46.17 L -82.32 -46.2 L -82.35 -46.17 L -82.14 -46.12 L -81.72 -46.11 L -81.78 -46.06 L -81.76 -46.02 L -81.75 -46.07 L -81.62 -46.13 L -81.54 -46.07 L -81.71 -46.02 L -81.51 -46.05 L -81.64 -46.02 L -81.57 -46.01 L -81.68 -45.95 L -81.49 -46.02 L -81.51 -45.98 L -81.26 -45.97 L -81.18 -46.02 L -81.16 -45.94 L -80.81 -45.96 L -80.68 -45.85 L -80.72 -45.83 L -80.51 -45.57 L -80.41 -45.62 L -80.35 -45.39 L -80.31 -45.43 L -80.3 -45.37 L -80.18 -45.34 L -80.17 -45.4 L -80.07 -45.39 L -80.03 -45.33 L -80.13 -45.23 L -80 -45.16 L -80.1 -45.12 L -79.93 -45.01 L -79.93 -44.96 L -79.83 -44.94 L -79.78 -44.82 L -79.72 -44.83 L -79.74 -44.87 L -79.69 -44.89 L -79.72 -44.8 L -79.67 -44.77 Z
georgian-bay-466,Georgian Bay,2,M -79.67 -44.77 L -79.88 -44.77 L -79.87 -44.81 L -79.94 -44.81 L -79.93 -44.87 L -80.11 -44.82 L -80.11 -44.76 L -79.99 -44.69 L -80.01 -44.53 L -80.11 -44.48 L -80.58 -44.61 L -80.68 -44.73 L -80.83 -44.69 L -80.94 -44.59 L -80.9 -44.79 L -80.99 -44.82 L -81.13 -44.76 L -81.01 -44.86 L -80.95 -44.97 L -81.15 -44.92 L -81.12 -44.96 L -81.26 -45 L -81.27 -45.11 L -81.32 -45.15 L -81.28 -45.24 L -81.61 -45.25 L -81.73 -45.62 L -81.59 -45.8 L -81.71 -45.8 L -81.66 -45.86 L -81.68 -45.91 L -81.49 -46.02 L -81.51 -45.98 L -81.26 -45.97 L -81.18 -46.02 L -81.16 -45.94 L -80.75 -45.93 L -80.51 -45.57 L -80.41 -45.62 L -80.35 -45.39 L -80.31 -45.43 L -80.3 -45.37 L -80.18 -45.34 L -80.17 -45.4 L -80.07 -45.39 L -80.03 -45.33 L -80.13 -45.23 L -80 -45.16 L -80.1 -45.12 L -79.93 -45.01 L -79.93 -44.96 L -79.83 -44.94 L -79.78 -44.82 L -79.72 -44.83 L -79.74 -44.87 L -79.69 -44.89 L -79.72 -44.8 L -79.67 -44.77 Z
lake-ladoga-467,Lake Ladoga,0,M 30.08 -61.24 L 30.09 -61.31 L 30.26 -61.32 L 30.14 -61.36 L 30.21 -61.42 L 30.35 -61.45 L 30.24 -61.48 L 30.23 -61.53 L 30.46 -61.49 L 30.45 -61.53 L 30.65 -61.55 L 30.56 -61.6 L 30.84 -61.78 L 30.91 -61.76 L 30.86 -61.74 L 31.05 -61.71 L 31.08 -61.62 L 31.25 -61.66 L 31.3 -61.6 L 31.32 -61.64 L 31.38 -61.62 L 31.63 -61.41 L 31.62 -61.48 L 31.91 -61.31 L 32.51 -61.14 L 32.58 -61 L 32.81 -60.86 L 32.81 -60.72 L 32.95 -60.66 L 32.78 -60.46 L 32.76 -60.51 L 32.6 -60.54 L 32.69 -60.4 L 32.58 -60.35 L 32.63 -60.26 L 32.57 -60.19 L 32.29 -60.13 L 32.16 -60.22 L 31.74 -60.26 L 31.59 -60.17 L 31.57 -60.14 L 31.61 -60.13 L 31.53 -60.05 L 31.58 -59.98 L 31.54 -59.93 L 31.13 -59.92 L 31.04 -59.95 L 31.16 -60.02 L 31.09 -60.07 L 31.11 -60.15 L 30.99 -60.21 L 30.86 -60.44 L 30.77 -60.45 L 30.78 -60.51 L 30.71 -60.58 L 30.53 -60.63 L 30.49 -60.73 L 30.54 -60.74 L 30.53 -60.83 L 30.23 -61.04 L 29.8 -61.22 L 30.01 -61.15 L 29.99 -61.21 L 29.84 -61.26 L 29.91 -61.31 L 30.08 -61.24 Z
lake-balkhash-468,Lake Balkhash,0,M 79.05 -46.46 L 78.88 -46.37 L 78.46 -46.4 L 78.42 -46.37 L 78.48 -46.32 L 78.44 -46.29 L 78.31 -46.36 L 78.04 -46.32 L 77.81 -46.44 L 77.76 -46.42 L 77.84 -46.42 L 77.71 -46.38 L 77.74 -46.41 L 77.6 -46.42 L 77.41 -46.51 L 77.25 -46.45 L 77.18 -46.48 L 76.91 -46.46 L 76.75 -46.53 L 76.28 -46.58 L 76.2 -46.53 L 76.06 -46.55 L 76.07 -46.51 L 75.87 -46.55 L 75.54 -46.47 L 75.59 -46.52 L 75.47 -46.63 L 75.59 -46.66 L 75.49 -46.68 L 75.4 -46.63 L 75.48 -46.51 L 75.43 -46.48 L 75.35 -46.46 L 75.35 -46.52 L 75.28 -46.53 L 75.24 -46.48 L 75.28 -46.45 L 75.23 -46.42 L 75.08 -46.44 L 75.13 -46.5 L 75.02 -46.39 L 74.91 -46.42 L 74.76 -46.09 L 74.66 -46.08 L 74.52 -45.99 L 74.42 -46.04 L 74.23 -45.99 L 74.32 -45.79 L 74.23 -45.73 L 74.34 -45.68 L 74.25 -45.68 L 74.26 -45.61 L 74.07 -45.52 L 74.07 -45.35 L 74.16 -45.35 L 74.17 -45.32 L 74.14 -45.21 L 74.17 -45.09 L 74.07 -45.04 L 74.13 -45.04 L 74.14 -44.96 L 74 -45 L 74.04 -45.05 L 73.99 -45.11 L 74.04 -45.14 L 74 -45.22 L 73.9 -45.22 L 73.73 -45.35 L 73.76 -45.36 L 73.64 -45.5 L 73.43 -45.61 L 73.44 -45.68 L 73.51 -45.68 L 73.56 -45.75 L 73.43 -45.81 L 73.49 -45.85 L 73.57 -45.81 L 73.65 -45.98 L 73.76 -45.98 L 73.64 -46.07 L 73.67 -46.18 L 73.77 -46.23 L 73.83 -46.16 L 73.88 -46.2 L 74 -46.19 L 74.05 -46.23 L 74 -46.23 L 73.94 -46.3 L 74.07 -46.42 L 74.38 -46.5 L 74.4 -46.56 L 74.53 -46.6 L 74.57 -46.74 L 74.64 -46.74 L 74.61 -46.77 L 74.85 -46.77 L 74.89 -46.82 L 74.98 -46.83 L 75 -46.77 L 75.08 -46.85 L 75.11 -46.79 L 75.29 -46.72 L 75.82 -46.79 L 75.92 -46.84 L 75.96 -46.82 L 75.95 -46.77 L 76.15 -46.8 L 76.36 -46.74 L 76.39 -46.65 L 76.51 -46.62 L 76.55 -46.66 L 76.72 -46.68 L 76.73 -46.63 L 76.94 -46.56 L 76.84 -46.69 L 76.92 -46.64 L 77.06 -46.64 L 77.15 -46.55 L 77.31 -46.62 L 77.62 -46.63 L 77.63 -46.67 L 77.89 -46.66 L 78.15 -46.61 L 78.31 -46.46 L 78.37 -46.53 L 78.37 -46.68 L 78.4 -46.6 L 78.46 -46.68 L 78.46 -46.6 L 78.59 -46.75 L 78.74 -46.74 L 78.82 -46.66 L 78.79 -46.62 L 78.92 -46.63 L 78.77 -46.75 L 78.78 -46.79 L 78.89 -46.81 L 79.03 -46.75 L 79.02 -46.81 L 79.12 -46.82 L 79.26 -46.66 L 79.22 -46.6 L 79.08 -46.59 L 79.05 -46.46 Z
lake-baikal-469,Lake Baikal,0,M 109.87 -55.72 L 109.96 -55.67 L 109.83 -55.54 L 109.9 -55.47 L 109.84 -55.44 L 109.77 -55.29 L 109.8 -55.24 L 109.73 -55.17 L 109.78 -55.05 L 109.63 -54.8 L 109.64 -54.7 L 109.51 -54.61 L 109.48 -54.29 L 109.56 -54.14 L 109.19 -53.81 L 109.21 -53.67 L 109.17 -53.63 L 108.98 -53.64 L 109.08 -53.74 L 109.02 -53.77 L 109.07 -53.82 L 109.02 -53.87 L 108.92 -53.86 L 108.53 -53.52 L 108.9 -53.59 L 108.99 -53.48 L 108.98 -53.36 L 108.79 -53.28 L 108.61 -53.28 L 108.29 -53.11 L 108.34 -53.05 L 108.31 -53.01 L 107.97 -52.79 L 107.79 -52.71 L 107.53 -52.7 L 106.96 -52.49 L 106.83 -52.33 L 106.55 -52.39 L 106.34 -52.34 L 106.25 -52.26 L 106.29 -52.14 L 106.17 -52 L 106.19 -51.94 L 105.92 -51.73 L 104.79 -51.47 L 104.26 -51.51 L 103.71 -51.69 L 103.79 -51.73 L 104.25 -51.78 L 104.63 -51.78 L 104.75 -51.87 L 105.22 -51.92 L 105.61 -52.13 L 105.94 -52.47 L 106.58 -52.73 L 106.57 -52.78 L 106.91 -52.99 L 106.86 -53.04 L 106.74 -53.02 L 106.89 -53.13 L 107.53 -53.43 L 107.65 -53.64 L 108.2 -53.92 L 108.32 -54.16 L 108.51 -54.31 L 108.56 -54.47 L 108.82 -54.71 L 108.86 -54.83 L 108.96 -54.92 L 108.9 -54.96 L 109.1 -55.05 L 109.19 -55.22 L 109.2 -55.56 L 109.56 -55.77 L 109.82 -55.74 L 109.62 -55.79 L 109.8 -55.78 L 109.87 -55.72 Z
lake-albert-470,Lake Albert,0,M 31.37 -2.27 L 31.41 -1.91 L 31.3 -1.71 L 31.18 -1.61 L 30.95 -1.52 L 30.6 -1.03 L 30.5 -1.03 L 30.51 -1.22 L 30.46 -1.27 L 30.43 -1.22 L 30.39 -1.31 L 30.5 -1.51 L 30.91 -1.91 L 31.24 -2.12 L 31.47 -2.41 L 31.47 -2.34 L 31.37 -2.27 Z
lake-malawi-471,Lake Malawi,0,M 35.22 14.38 L 35.07 14.19 L 34.96 14.16 L 34.89 14.01 L 34.84 14.02 L 34.83 14.21 L 34.71 14.27 L 34.55 14.08 L 34.53 13.95 L 34.63 13.7 L 34.52 13.57 L 34.44 13.57 L 34.33 13.4 L 34.33 12.9 L 34.31 12.92 L 34.28 12.74 L 34.19 12.62 L 34.17 12.4 L 34.09 12.38 L 34.04 12.27 L 34.07 12 L 34.2 11.9 L 34.19 11.82 L 34.33 11.64 L 34.21 11.19 L 34.25 11.11 L 34.18 10.58 L 34.27 10.44 L 34 10.07 L 33.91 9.83 L 33.95 9.55 L 34.01 9.48 L 34.32 9.72 L 34.52 10.01 L 34.59 10.29 L 34.58 10.54 L 34.68 10.75 L 34.59 11.02 L 34.61 11.1 L 34.71 11.2 L 34.77 11.35 L 34.87 11.36 L 34.96 11.5 L 34.96 11.81 L 34.87 12.04 L 34.69 12.19 L 34.69 12.43 L 34.83 12.71 L 34.75 12.92 L 34.82 13.08 L 34.79 13.32 L 34.86 13.38 L 34.86 13.69 L 35.07 13.75 L 35.29 14.34 L 35.22 14.38 Z
lake-tanganyika-472,Lake Tanganyika,0,M 30.81 8.58 L 30.68 8.52 L 30.68 8.48 L 30.55 8.58 L 30.57 8.5 L 30.47 8.51 L 30.45 8.4 L 30.57 8.3 L 30.58 8.14 L 30.27 7.84 L 30.13 7.25 L 29.97 7.11 L 29.79 7.05 L 29.55 6.77 L 29.47 6.61 L 29.49 6.51 L 29.42 6.48 L 29.32 6.2 L 29.2 6.08 L 29.18 5.92 L 29.32 5.82 L 29.36 5.75 L 29.33 5.63 L 29.37 5.61 L 29.1 5.07 L 29.11 4.61 L 29.16 4.5 L 29.2 4.52 L 29.26 4.12 L 29.23 4.05 L 29.14 4.35 L 29.04 4.31 L 29.1 4.22 L 29.13 3.43 L 29.21 3.33 L 29.33 3.36 L 29.37 3.89 L 29.65 4.4 L 29.59 4.9 L 29.78 5.01 L 29.82 5.14 L 29.74 5.43 L 29.95 5.84 L 29.95 5.92 L 29.73 6.04 L 29.71 6.25 L 29.95 6.51 L 30.07 6.45 L 30.16 6.47 L 30.56 6.96 L 30.56 7.1 L 30.49 7.11 L 30.6 7.33 L 30.58 7.51 L 30.95 8.11 L 30.97 8.26 L 31.15 8.43 L 31.14 8.53 L 31.2 8.63 L 31.17 8.75 L 31.14 8.71 L 31.03 8.8 L 30.81 8.58 Z
lake-victoria-473,Lake Victoria,0,M 33.91 1.53 L 33.8 1.47 L 33.65 1.47 L 33.68 1.53 L 33.61 1.57 L 33.67 1.58 L 33.71 1.66 L 33.54 1.68 L 33.64 1.78 L 33.58 1.76 L 33.49 1.84 L 33.37 1.8 L 33.28 1.92 L 33.46 1.88 L 33.46 1.95 L 33.57 1.99 L 33.55 2.03 L 33.4 1.97 L 33.38 2.05 L 33.28 2 L 33.29 2.06 L 33.22 2.04 L 33.21 2.11 L 33.61 2.18 L 33.75 2.09 L 33.82 2.12 L 33.84 2.22 L 33.53 2.38 L 33.52 2.45 L 33.41 2.47 L 33.46 2.5 L 33.43 2.55 L 33.34 2.5 L 33.21 2.51 L 33.08 2.39 L 32.96 2.39 L 32.87 2.48 L 32.91 2.55 L 32.87 2.6 L 32.91 2.68 L 32.88 2.7 L 32.95 2.79 L 32.93 2.82 L 33.02 2.88 L 32.9 2.8 L 32.76 3.01 L 32.8 2.91 L 32.72 2.87 L 32.85 2.82 L 32.87 2.73 L 32.8 2.64 L 32.84 2.51 L 32.81 2.49 L 32.73 2.53 L 32.73 2.48 L 32.67 2.52 L 32.66 2.38 L 32.62 2.47 L 32.5 2.55 L 32.55 2.44 L 32.51 2.47 L 32.37 2.43 L 32.32 2.35 L 32.36 2.33 L 32.22 2.25 L 32.22 2.32 L 32.16 2.39 L 32.07 2.39 L 32.17 2.5 L 32.16 2.55 L 32.03 2.47 L 31.99 2.58 L 31.93 2.59 L 32.02 2.76 L 31.9 2.64 L 31.91 2.71 L 31.83 2.69 L 31.84 2.79 L 31.78 2.81 L 31.77 2.65 L 31.86 2.6 L 31.75 2.62 L 31.72 2.54 L 31.8 2.46 L 31.76 2.33 L 31.63 2.36 L 31.71 2 L 31.62 2.04 L 31.61 2 L 31.76 1.6 L 31.76 1.47 L 31.8 1.47 L 31.87 1.02 L 31.82 0.98 L 31.77 1.05 L 31.77 0.86 L 31.7 0.8 L 31.8 0.65 L 31.85 0.47 L 32 0.31 L 32.04 0.33 L 31.92 0.13 L 31.99 0.09 L 32.07 0.1 L 32.02 0.04 L 32.19 0.07 L 32.21 -0.04 L 32.24 0.02 L 32.29 0.02 L 32.26 -0.05 L 32.38 0.02 L 32.37 -0.09 L 32.45 -0.12 L 32.44 -0.03 L 32.5 -0.09 L 32.56 -0.04 L 32.55 -0.12 L 32.6 -0.14 L 32.56 -0.19 L 32.65 -0.29 L 32.66 -0.17 L 32.71 -0.21 L 32.74 -0.17 L 32.65 -0.13 L 32.67 -0.09 L 32.8 -0.11 L 32.81 -0.16 L 32.86 -0.15 L 32.89 -0.2 L 32.9 -0.08 L 32.99 -0.1 L 33.09 -0.19 L 33.11 -0.22 L 33.04 -0.23 L 33.07 -0.26 L 33.13 -0.22 L 33.15 -0.32 L 33.27 -0.37 L 33.19 -0.43 L 33.28 -0.48 L 33.32 -0.44 L 33.37 -0.5 L 33.32 -0.35 L 33.47 -0.35 L 33.49 -0.27 L 33.4 -0.3 L 33.48 -0.19 L 33.49 -0.24 L 33.52 -0.18 L 33.57 -0.18 L 33.64 -0.32 L 33.75 -0.32 L 33.7 -0.28 L 33.74 -0.26 L 33.71 -0.2 L 33.78 -0.19 L 33.79 -0.24 L 33.82 -0.15 L 33.83 -0.21 L 33.89 -0.17 L 33.98 -0.27 L 33.96 -0.1 L 34 0.04 L 34.06 0.11 L 34.08 0.06 L 34.13 0.06 L 34.09 0.17 L 34.25 0.25 L 34.29 0.4 L 34.39 0.28 L 34.35 0.19 L 34.51 0.18 L 34.74 0.09 L 34.84 0.31 L 34.75 0.29 L 34.74 0.34 L 34.45 0.35 L 34.51 0.47 L 34.42 0.53 L 34.39 0.44 L 34.31 0.48 L 34.19 0.42 L 34.15 0.53 L 34.06 0.56 L 34.09 0.6 L 34.04 0.73 L 34.18 0.87 L 34.13 1 L 34.04 1 L 34.1 1.02 L 33.87 1.26 L 33.99 1.37 L 33.91 1.32 L 33.79 1.33 L 33.86 1.41 L 33.78 1.41 L 33.94 1.49 L 33.96 1.52 L 33.91 1.53 Z
lake-chad-474,Lake Chad,1,M 14.73 -13.08 L 14.77 -13.07 L 14.68 -12.98 L 14.51 -12.98 L 14.37 -12.87 L 14.27 -12.89 L 14.29 -12.95 L 14.25 -13 L 14.29 -13.02 L 14.27 -13.06 L 14.32 -13.06 L 14.28 -13.14 L 14.38 -13.06 L 14.3 -13.17 L 14.36 -13.16 L 14.54 -13.25 L 14.61 -13.19 L 14.67 -13.21 L 14.73 -13.08 Z
v-nern-475,Vänern,1,M 14.12 -59.07 L 13.97 -59 L 14.01 -58.95 L 13.97 -58.83 L 13.88 -58.81 L 13.85 -58.74 L 13.69 -58.67 L 13.62 -58.7 L 13.36 -58.63 L 13.21 -58.5 L 13.12 -58.54 L 13.18 -58.61 L 12.88 -58.58 L 12.93 -58.52 L 12.67 -58.44 L 12.69 -58.41 L 12.6 -58.37 L 12.51 -58.37 L 12.64 -58.48 L 12.52 -58.4 L 12.3 -58.4 L 12.63 -58.64 L 12.5 -58.68 L 12.52 -58.79 L 12.46 -58.77 L 12.41 -58.81 L 12.51 -58.81 L 12.43 -58.96 L 12.53 -58.9 L 12.51 -58.83 L 12.58 -58.82 L 12.7 -59.07 L 12.88 -59.09 L 12.88 -59.05 L 13.07 -59.01 L 13.04 -58.97 L 13.12 -58.92 L 13.2 -58.88 L 13.26 -58.92 L 13.07 -59.28 L 13.13 -59.28 L 13.12 -59.33 L 13.17 -59.37 L 13.2 -59.31 L 13.27 -59.31 L 13.23 -59.34 L 13.28 -59.37 L 13.67 -59.41 L 13.67 -59.38 L 13.77 -59.4 L 13.74 -59.33 L 13.81 -59.33 L 13.81 -59.36 L 13.92 -59.31 L 13.95 -59.35 L 14.01 -59.31 L 14.06 -59.33 L 14.05 -59.21 L 13.93 -59.09 L 13.96 -59.05 L 14.05 -59.07 L 14.07 -59.12 L 14.12 -59.07 Z
lake-onega-476,Lake Onega,1,M 35.86 -60.85 L 35.74 -60.88 L 35.78 -60.91 L 35.56 -60.91 L 35.49 -61.01 L 35.37 -61.06 L 35.12 -61 L 35.11 -61.06 L 34.88 -61.09 L 34.92 -61.05 L 34.83 -61.02 L 34.77 -61.12 L 34.86 -61.23 L 35.26 -61.17 L 35.07 -61.18 L 35.03 -61.13 L 35.18 -61.05 L 35.33 -61.08 L 35.56 -61.01 L 35.69 -61.14 L 35.6 -61.19 L 35.52 -61.33 L 35.26 -61.48 L 34.72 -61.58 L 34.32 -61.83 L 34.31 -61.89 L 34.35 -61.84 L 34.58 -61.78 L 34.62 -61.92 L 34.52 -62.03 L 34.28 -62.13 L 34.24 -62.18 L 34.28 -62.21 L 34.26 -62.27 L 34.08 -62.42 L 33.99 -62.38 L 33.94 -62.52 L 34.07 -62.51 L 34.07 -62.44 L 34.37 -62.26 L 34.3 -62.23 L 34.31 -62.18 L 34.75 -62.03 L 34.56 -62.23 L 34.62 -62.24 L 34.72 -62.16 L 34.68 -62.25 L 34.44 -62.46 L 34.77 -62.26 L 34.77 -62.34 L 34.57 -62.45 L 34.46 -62.6 L 34.7 -62.46 L 34.85 -62.28 L 34.85 -62.32 L 34.89 -62.17 L 35.1 -62.04 L 35.16 -62.03 L 35.19 -62.12 L 35.04 -62.19 L 35.01 -62.26 L 35.36 -62.12 L 35.4 -62.18 L 35.58 -62.23 L 35.59 -62.28 L 35.33 -62.58 L 35.29 -62.53 L 35.09 -62.57 L 34.97 -62.65 L 34.87 -62.65 L 34.85 -62.6 L 35.02 -62.42 L 34.92 -62.56 L 34.9 -62.54 L 34.71 -62.68 L 34.74 -62.61 L 34.56 -62.75 L 34.56 -62.82 L 34.46 -62.91 L 34.54 -62.92 L 34.72 -62.81 L 34.85 -62.85 L 35.06 -62.77 L 34.98 -62.76 L 35.42 -62.66 L 35.5 -62.58 L 35.51 -62.64 L 35.56 -62.57 L 35.71 -62.55 L 35.81 -62.48 L 35.85 -62.41 L 35.83 -62.32 L 35.66 -62.06 L 35.87 -61.95 L 35.83 -61.85 L 35.96 -61.81 L 36.04 -61.71 L 36.03 -61.65 L 36.18 -61.57 L 36.22 -61.48 L 36.44 -61.4 L 36.43 -61.31 L 36.33 -61.26 L 36.46 -61.18 L 36.21 -61.07 L 36.11 -61.1 L 35.99 -60.98 L 35.81 -60.94 L 35.95 -60.92 L 35.86 -60.85 Z
lake-tana-477,Lake Tana,1,M 37.3 -11.74 L 37.27 -11.82 L 37.15 -11.81 L 37.12 -11.86 L 37.09 -11.8 L 36.99 -11.89 L 37.02 -12.17 L 37.14 -12.28 L 37.18 -12.22 L 37.25 -12.21 L 37.33 -12.29 L 37.5 -12.3 L 37.6 -12.11 L 37.57 -11.98 L 37.49 -11.91 L 37.51 -11.84 L 37.39 -11.63 L 37.29 -11.66 L 37.34 -11.7 L 37.3 -11.74 Z
lago-titicaca-478,Lago Titicaca,1,M -69.29 16.27 L -69.37 16.24 L -69.38 16.18 L -69.5 16.2 L -69.42 16.08 L -69.44 16.01 L -69.68 15.97 L -69.68 15.91 L -69.74 15.91 L -69.82 15.79 L -69.88 15.86 L -69.8 15.92 L -69.88 15.93 L -69.9 15.88 L -70.03 15.84 L -70.04 15.72 L -69.97 15.7 L -69.95 15.57 L -69.84 15.7 L -69.76 15.72 L -69.95 15.41 L -69.81 15.34 L -69.89 15.3 L -69.72 15.3 L -69.75 15.26 L -69.72 15.24 L -69.44 15.5 L -69.37 15.48 L -69.27 15.67 L -69.16 15.68 L -69.19 15.7 L -69.02 15.81 L -69.02 15.92 L -68.77 15.98 L -68.91 16.07 L -68.85 16.21 L -68.78 16.18 L -68.58 16.24 L -68.58 16.33 L -68.69 16.31 L -68.73 16.33 L -68.68 16.35 L -68.76 16.42 L -68.96 16.44 L -68.87 16.47 L -68.86 16.6 L -69.1 16.49 L -69.03 16.34 L -69.08 16.27 L -69 16.27 L -68.95 16.21 L -68.84 16.25 L -69.02 16.11 L -69.14 16.06 L -69.08 16.12 L -69.13 16.19 L -69.11 16.23 L -69.29 16.27 Z
lake-saimaa-479,Lake Saimaa,2,M 28.06 -61.09 L 27.93 -61.06 L 27.93 -61.11 L 27.81 -61.16 L 27.98 -61.2 L 28.17 -61.13 L 28.26 -61.16 L 28.14 -61.18 L 28.04 -61.28 L 27.66 -61.26 L 27.69 -61.24 L 27.66 -61.2 L 27.38 -61.25 L 27.49 -61.27 L 27.33 -61.36 L 27.24 -61.32 L 27.28 -61.33 L 27.26 -61.39 L 27.36 -61.44 L 27.22 -61.46 L 27.25 -61.5 L 27.49 -61.46 L 27.28 -61.54 L 27.27 -61.66 L 27.36 -61.68 L 27.31 -61.62 L 27.38 -61.62 L 27.29 -61.53 L 27.53 -61.51 L 27.42 -61.55 L 27.48 -61.56 L 27.47 -61.65 L 27.51 -61.63 L 27.5 -61.57 L 27.57 -61.57 L 27.73 -61.62 L 27.6 -61.64 L 27.75 -61.64 L 27.8 -61.7 L 27.6 -61.77 L 27.62 -61.81 L 27.68 -61.8 L 27.71 -61.74 L 27.8 -61.77 L 27.83 -61.7 L 27.91 -61.68 L 27.95 -61.64 L 27.9 -61.62 L 28.03 -61.49 L 28.14 -61.57 L 28.18 -61.52 L 28.23 -61.57 L 28.24 -61.74 L 28.4 -61.74 L 28.36 -61.78 L 28.44 -61.74 L 28.45 -61.79 L 28.53 -61.75 L 28.48 -61.8 L 28.53 -61.84 L 28.47 -61.86 L 28.68 -61.81 L 28.85 -61.81 L 28.86 -61.84 L 28.63 -61.9 L 28.77 -61.92 L 28.4 -62.03 L 28.31 -62.08 L 28.44 -62.03 L 28.49 -62.03 L 28.42 -62.07 L 27.88 -62.14 L 27.99 -62.17 L 27.82 -62.33 L 27.94 -62.32 L 27.82 -62.35 L 27.87 -62.38 L 27.77 -62.47 L 27.74 -62.46 L 27.77 -62.39 L 27.74 -62.38 L 27.58 -62.46 L 27.63 -62.41 L 27.56 -62.39 L 27.45 -62.45 L 27.51 -62.47 L 27.38 -62.52 L 27.42 -62.47 L 27.25 -62.47 L 27.26 -62.5 L 27.12 -62.63 L 27.33 -62.49 L 27.37 -62.53 L 27.34 -62.58 L 27.39 -62.55 L 27.42 -62.59 L 27.45 -62.51 L 27.55 -62.55 L 27.55 -62.51 L 27.74 -62.41 L 27.6 -62.53 L 27.7 -62.48 L 27.74 -62.51 L 27.51 -62.61 L 27.64 -62.57 L 27.59 -62.67 L 27.64 -62.71 L 27.62 -62.75 L 27.68 -62.76 L 27.6 -62.79 L 27.7 -62.82 L 27.64 -62.86 L 27.7 -62.92 L 27.57 -62.9 L 27.55 -62.83 L 27.39 -62.89 L 27.4 -62.98 L 27.25 -63.03 L 27.3 -63.05 L 27.17 -63.06 L 27.16 -63.11 L 27.27 -63.1 L 27.13 -63.18 L 27.25 -63.21 L 27.16 -63.31 L 27.27 -63.3 L 27.16 -63.43 L 27.18 -63.51 L 27.02 -63.54 L 27.05 -63.49 L 26.98 -63.49 L 26.88 -63.59 L 27.07 -63.54 L 27.15 -63.56 L 27.29 -63.39 L 27.21 -63.45 L 27.18 -63.42 L 27.27 -63.34 L 27.37 -63.37 L 27.35 -63.3 L 27.4 -63.3 L 27.31 -63.24 L 27.38 -63.17 L 27.22 -63.17 L 27.38 -63.08 L 27.33 -63.09 L 27.4 -63.01 L 27.62 -62.97 L 27.58 -63.03 L 27.77 -62.93 L 27.82 -62.98 L 27.75 -62.99 L 27.77 -63.02 L 27.71 -63.07 L 27.83 -63.12 L 27.87 -63.07 L 27.82 -63.03 L 27.89 -63 L 27.95 -63.05 L 28.19 -62.99 L 28.38 -63.05 L 28.27 -63.01 L 28.35 -62.99 L 28.12 -62.95 L 28.19 -62.95 L 28.12 -62.89 L 28.25 -62.85 L 28.13 -62.84 L 28.23 -62.72 L 28.2 -62.7 L 28.28 -62.69 L 28.23 -62.64 L 28.65 -62.55 L 28.62 -62.54 L 28.71 -62.47 L 28.96 -62.4 L 28.84 -62.4 L 28.9 -62.36 L 28.61 -62.42 L 28.46 -62.51 L 28.64 -62.47 L 28.61 -62.51 L 28.36 -62.6 L 28.36 -62.57 L 28.27 -62.58 L 28.21 -62.53 L 28.17 -62.44 L 28.22 -62.42 L 28.07 -62.44 L 28.16 -62.52 L 28.12 -62.55 L 28.14 -62.6 L 28.03 -62.66 L 28.12 -62.66 L 27.95 -62.77 L 27.72 -62.65 L 27.86 -62.63 L 27.83 -62.61 L 27.71 -62.62 L 27.89 -62.5 L 27.89 -62.43 L 28.05 -62.43 L 27.94 -62.26 L 28.27 -62.25 L 28.23 -62.28 L 28.34 -62.29 L 28.36 -62.24 L 28.55 -62.2 L 28.62 -62.31 L 28.74 -62.33 L 28.65 -62.36 L 28.73 -62.36 L 28.66 -62.4 L 28.81 -62.34 L 28.79 -62.29 L 28.98 -62.16 L 28.79 -62.25 L 28.93 -62.16 L 28.69 -62.2 L 28.83 -62.15 L 28.76 -62.13 L 29.23 -62.16 L 29.1 -62.21 L 29.32 -62.16 L 29.41 -62.23 L 29.27 -62.25 L 29.32 -62.25 L 29.3 -62.33 L 29.22 -62.4 L 29.34 -62.45 L 29.21 -62.55 L 29.28 -62.61 L 29.37 -62.59 L 29.32 -62.58 L 29.37 -62.52 L 29.41 -62.55 L 29.66 -62.39 L 29.68 -62.43 L 29.57 -62.47 L 29.63 -62.48 L 29.57 -62.53 L 29.65 -62.55 L 29.59 -62.6 L 29.64 -62.62 L 29.8 -62.58 L 29.89 -62.44 L 29.95 -62.45 L 29.85 -62.42 L 29.82 -62.35 L 29.74 -62.36 L 29.86 -62.31 L 29.54 -62.29 L 29.65 -62.21 L 29.78 -62.22 L 30.02 -62.13 L 29.91 -62.09 L 29.8 -62.15 L 29.67 -62.16 L 29.69 -62.12 L 29.51 -62.18 L 29.52 -62.08 L 29.42 -62.1 L 29.57 -61.98 L 29.67 -61.95 L 29.61 -62.02 L 29.67 -62.03 L 29.8 -61.93 L 29.75 -61.9 L 29.77 -61.88 L 29.71 -61.89 L 29.72 -61.82 L 29.63 -61.85 L 29.69 -61.83 L 29.64 -61.8 L 29.48 -61.78 L 29.52 -61.74 L 29.44 -61.72 L 29.41 -61.75 L 29.38 -61.72 L 29.43 -61.7 L 29.3 -61.69 L 29.33 -61.66 L 29.25 -61.6 L 29.04 -61.62 L 29.1 -61.56 L 28.77 -61.69 L 28.72 -61.69 L 28.71 -61.64 L 28.67 -61.67 L 28.6 -61.64 L 28.62 -61.6 L 28.76 -61.62 L 28.86 -61.57 L 28.69 -61.59 L 28.67 -61.54 L 28.71 -61.53 L 28.66 -61.51 L 28.71 -61.48 L 28.53 -61.5 L 28.59 -61.43 L 28.56 -61.4 L 28.35 -61.4 L 28.47 -61.37 L 28.3 -61.35 L 28.45 -61.31 L 28.67 -61.37 L 28.87 -61.29 L 28.86 -61.23 L 28.32 -61.07 L 28.06 -61.09 Z
m-laren-999,Mälaren,2,M 18.1 -59.33 L 17.97 -59.33 L 17.88 -59.22 L 17.83 -59.27 L 17.73 -59.24 L 17.61 -59.29 L 17.6 -59.22 L 17.35 -59.33 L 17.4 -59.25 L 17.21 -59.26 L 17.28 -59.28 L 17.24 -59.32 L 17.31 -59.35 L 17.04 -59.36 L 16.84 -59.49 L 16.69 -59.47 L 16.88 -59.41 L 16.82 -59.39 L 16.67 -59.48 L 16.17 -59.44 L 16.02 -59.5 L 16.27 -59.5 L 16.32 -59.46 L 16.53 -59.54 L 16.52 -59.61 L 16.73 -59.53 L 16.81 -59.59 L 17.07 -59.55 L 17.01 -59.59 L 17.06 -59.61 L 17.41 -59.47 L 17.34 -59.62 L 17.39 -59.66 L 17.38 -59.61 L 17.55 -59.55 L 17.53 -59.5 L 17.67 -59.49 L 17.71 -59.44 L 17.79 -59.54 L 17.56 -59.66 L 17.62 -59.73 L 17.51 -59.71 L 17.54 -59.57 L 17.45 -59.68 L 17.5 -59.73 L 17.37 -59.75 L 17.55 -59.76 L 17.6 -59.81 L 17.69 -59.73 L 17.59 -59.66 L 17.72 -59.63 L 17.73 -59.7 L 17.82 -59.59 L 17.84 -59.53 L 17.76 -59.42 L 17.79 -59.39 L 18.1 -59.33 Z
r-servoir-manicouagan-1062,Réservoir Manicouagan,2,M -68.19 -51.33 L -68.18 -51.29 L -68.33 -51.21 L -68.34 -51.13 L -68.48 -51.12 L -68.65 -51 L -68.75 -50.69 L -68.75 -50.83 L -68.7 -50.92 L -68.89 -51.13 L -69.13 -51.31 L -69.17 -51.28 L -69.12 -51.58 L -69.36 -51.8 L -69.29 -51.77 L -69.26 -51.82 L -69.25 -51.72 L -69.1 -51.64 L -69.09 -51.93 L -69.06 -51.68 L -69.01 -51.62 L -68.87 -51.68 L -68.86 -51.75 L -68.81 -51.67 L -68.63 -51.69 L -68.59 -51.72 L -68.62 -51.79 L -68.54 -51.73 L -68.5 -51.8 L -68.51 -51.99 L -68.46 -51.84 L -68.39 -51.91 L -68.55 -51.68 L -68.4 -51.69 L -68.31 -51.63 L -68.22 -51.7 L -68.2 -51.8 L -68.17 -51.78 L -68.19 -51.69 L -68.32 -51.6 L -68.24 -51.56 L -68.3 -51.56 L -68.28 -51.48 L -68.23 -51.47 L -68.26 -51.38 L -68.19 -51.33 Z
rybinsk-reservoir-1134,Rybinsk Reservoir,2,M 38.7 -58.11 L 38.57 -58.09 L 38.39 -58.14 L 38.33 -58.09 L 38.44 -58.02 L 38.25 -58.04 L 38.24 -58.24 L 37.94 -58.31 L 37.91 -58.27 L 37.75 -58.4 L 37.49 -58.52 L 37.5 -58.58 L 37.25 -58.7 L 37.09 -58.69 L 37.21 -58.71 L 37.12 -58.88 L 37.35 -58.73 L 37.48 -58.74 L 37.36 -58.68 L 37.46 -58.61 L 37.57 -58.61 L 37.57 -58.55 L 37.69 -58.58 L 37.64 -58.59 L 37.62 -58.65 L 38.08 -58.53 L 38.05 -58.6 L 38.12 -58.63 L 37.94 -58.67 L 38.03 -58.69 L 37.92 -58.72 L 37.95 -58.72 L 37.93 -58.76 L 38.05 -58.71 L 38 -58.88 L 37.92 -58.84 L 37.85 -58.92 L 37.73 -58.94 L 37.54 -58.91 L 37.53 -58.82 L 37.44 -58.87 L 37.48 -58.95 L 37.72 -59.01 L 37.68 -59.04 L 37.7 -59.12 L 37.54 -59.19 L 37.86 -59.13 L 38.06 -59.21 L 37.95 -59.14 L 38.16 -59.08 L 38.18 -59.17 L 38.11 -59.22 L 38.33 -59.14 L 38.48 -59.22 L 38.31 -59.06 L 38.16 -59.05 L 37.95 -59.12 L 37.77 -59.09 L 38.02 -58.99 L 38.07 -59.01 L 38.69 -58.57 L 38.9 -58.5 L 39.07 -58.5 L 38.96 -58.46 L 39.08 -58.33 L 38.88 -58.36 L 38.81 -58.27 L 38.84 -58.1 L 38.78 -58.12 L 38.74 -58.19 L 38.57 -58.24 L 38.7 -58.11 Z
lake-eyre-north-1217,Lake Eyre North,1,M 137.97 29.11 L 137.8 29.04 L 137.76 28.97 L 137.61 29.06 L 137.49 29.01 L 137.49 28.93 L 137.31 28.78 L 137.37 28.69 L 137.3 28.65 L 137.25 28.72 L 137.36 28.98 L 137.33 29.07 L 137.2 28.8 L 137.18 28.89 L 137.11 28.88 L 137.1 29 L 136.99 29.01 L 136.91 28.9 L 136.88 28.76 L 136.95 28.75 L 136.87 28.42 L 136.99 28.4 L 136.99 28.23 L 136.89 28.01 L 136.79 28.04 L 136.79 27.96 L 137.08 27.85 L 137.27 27.96 L 137.39 27.98 L 137.52 28.19 L 137.63 28.11 L 137.71 28.13 L 137.6 28.22 L 137.79 28.33 L 137.76 28.37 L 137.7 28.34 L 137.7 28.39 L 137.59 28.31 L 137.72 28.52 L 137.61 28.52 L 137.6 28.62 L 137.76 28.81 L 137.83 29.01 L 138.05 29.07 L 137.97 29.11 Z
great-salt-lake-1241,Great Salt Lake,1,M -111.95 -40.98 L -112.12 -40.88 L -112.18 -40.77 L -112.4 -40.7 L -112.48 -40.95 L -112.56 -40.83 L -112.63 -40.94 L -112.78 -41.04 L -112.77 -41.19 L -112.84 -41.27 L -112.92 -41.33 L -112.97 -41.27 L -113.02 -41.28 L -112.94 -41.33 L -113.02 -41.52 L -112.98 -41.57 L -113.03 -41.6 L -112.81 -41.68 L -112.73 -41.66 L -112.72 -41.5 L -112.64 -41.43 L -112.52 -41.42 L -112.43 -41.21 L -112.35 -41.23 L -112.4 -41.45 L -112.28 -41.45 L -112.27 -41.39 L -112.07 -41.41 L -112.1 -41.34 L -112.25 -41.35 L -112.33 -41.27 L -112.26 -41.26 L -112.1 -41.06 L -111.95 -40.98 Z
laguna-madre-1242,Laguna Madre,2,M -97.44 -25.43 L -97.4 -25.41 L -97.44 -25.39 L -97.42 -25.29 L -97.54 -25.06 L -97.67 -24.56 L -97.75 -23.81 L -97.78 -24.08 L -97.71 -24.44 L -97.82 -24.42 L -97.85 -24.52 L -97.78 -24.56 L -97.72 -24.48 L -97.67 -24.7 L -97.71 -24.7 L -97.73 -24.85 L -97.62 -24.92 L -97.71 -24.98 L -97.76 -24.97 L -97.69 -25.18 L -97.71 -25.24 L -97.79 -25.26 L -97.71 -25.27 L -97.68 -25.37 L -97.54 -25.28 L -97.5 -25.41 L -97.54 -25.45 L -97.44 -25.43 Z
lagoa-mirim-1250,Lagoa Mirim,1,M -52.6 32.46 L -52.6 32.62 L -52.78 32.9 L -52.9 32.91 L -53 32.83 L -53 32.76 L -53.06 32.82 L -53.12 32.8 L -53.22 33.06 L -53.29 33.1 L -53.32 33.06 L -53.42 33.16 L -53.47 33.26 L -53.44 33.52 L -53.53 33.59 L -53.59 33.45 L -53.57 33.27 L -53.64 33.21 L -53.62 33.05 L -53.6 33.09 L -53.48 32.95 L -53.32 32.95 L -53.36 32.92 L -53.29 32.83 L -53.35 32.75 L -53.19 32.71 L -53.16 32.64 L -53.01 32.59 L -52.96 32.47 L -52.78 32.38 L -52.83 32.33 L -52.73 32.2 L -52.66 32.18 L -52.71 32.33 L -52.6 32.46 Z
ijsselmeer-1251,IJsselmeer,2,M 5.87 -52.54 L 5.8 -52.42 L 5.62 -52.36 L 5.53 -52.27 L 5.4 -52.26 L 4.97 -52.37 L 5.09 -52.44 L 5.05 -52.47 L 5.09 -52.5 L 5.05 -52.64 L 5.17 -52.63 L 5.3 -52.71 L 5.29 -52.75 L 5.14 -52.76 L 5.04 -52.93 L 5.37 -53.08 L 5.42 -52.97 L 5.37 -52.88 L 5.72 -52.84 L 5.61 -52.78 L 5.6 -52.67 L 5.66 -52.61 L 5.84 -52.6 L 5.87 -52.54 Z
syvash-1252,Syvash,2,M 35.39 -45.31 L 35.46 -45.28 L 35.4 -45.25 L 35.05 -45.37 L 35.01 -45.43 L 35.1 -45.47 L 34.98 -45.66 L 34.84 -45.7 L 34.87 -45.74 L 34.72 -45.72 L 34.75 -45.81 L 34.65 -45.79 L 34.75 -45.9 L 34.46 -45.77 L 34.63 -45.95 L 34.54 -45.97 L 34.57 -45.92 L 34.49 -45.88 L 34.44 -45.93 L 34.41 -45.86 L 34.36 -45.88 L 34.41 -45.96 L 34.35 -46.03 L 34.3 -46 L 34.28 -46.05 L 34.23 -46 L 34.12 -46.06 L 34.2 -45.99 L 34.15 -45.94 L 34.11 -45.98 L 34.17 -46 L 34.04 -46.09 L 33.94 -46.1 L 33.99 -46.08 L 33.98 -46.02 L 33.87 -46.04 L 33.85 -46.16 L 33.8 -46.18 L 33.79 -46.12 L 33.67 -46.22 L 33.89 -46.23 L 34.03 -46.14 L 34.14 -46.12 L 34.08 -46.19 L 34.14 -46.21 L 34.16 -46.15 L 34.2 -46.18 L 34.15 -46.23 L 34.18 -46.28 L 34.31 -46.1 L 34.31 -46.21 L 34.48 -46.15 L 34.54 -46.19 L 34.55 -46.09 L 34.48 -46.13 L 34.44 -46.09 L 34.46 -46.03 L 34.4 -46.01 L 34.48 -45.97 L 34.63 -46.07 L 34.62 -46.16 L 34.74 -46.16 L 34.79 -46.09 L 34.66 -46.09 L 34.75 -46.01 L 34.8 -46.03 L 34.85 -45.91 L 34.81 -45.82 L 34.89 -45.85 L 35 -45.67 L 35.39 -45.31 Z
issyk-kul-1253,Issyk-Kul,2,M 78.25 -42.6 L 78.33 -42.6 L 78.3 -42.56 L 78.15 -42.57 L 78.03 -42.48 L 77.83 -42.43 L 77.82 -42.4 L 77.91 -42.37 L 77.69 -42.21 L 77.48 -42.16 L 76.94 -42.17 L 76.76 -42.26 L 76.4 -42.35 L 76.27 -42.32 L 76.2 -42.44 L 77.08 -42.64 L 77.35 -42.68 L 77.53 -42.65 L 77.78 -42.72 L 78.31 -42.74 L 78.2 -42.72 L 78.08 -42.62 L 78.25 -42.6 Z
south-aral-sea-1308,South Aral Sea,0,M 58.31 -45.06 L 58.42 -45.29 L 58.55 -45.41 L 58.71 -45.83 L 58.84 -45.83 L 58.81 -45.88 L 58.85 -45.92 L 59.06 -45.89 L 59.08 -45.94 L 59.18 -45.93 L 59.3 -46 L 59.24 -45.89 L 59.1 -45.9 L 58.91 -45.79 L 58.87 -45.6 L 58.77 -45.56 L 58.67 -45.46 L 58.63 -45.26 L 58.68 -45.13 L 58.55 -45.01 L 58.59 -44.99 L 58.57 -44.92 L 58.62 -44.82 L 58.56 -44.77 L 58.48 -44.5 L 58.36 -44.42 L 58.24 -44.46 L 58.24 -44.52 L 58.32 -44.6 L 58.22 -44.85 L 58.31 -45.06 Z
north-aral-sea-1310,North Aral Sea,0,M 60.78 -46.09 L 60.75 -46.12 L 60.82 -46.2 L 60.72 -46.37 L 60.58 -46.29 L 60.35 -46.4 L 60.13 -46.36 L 59.99 -46.44 L 60.01 -46.58 L 60.29 -46.7 L 60.41 -46.48 L 60.46 -46.63 L 60.58 -46.56 L 60.77 -46.64 L 60.53 -46.75 L 60.58 -46.78 L 60.81 -46.75 L 60.78 -46.58 L 60.89 -46.47 L 61.13 -46.45 L 61.27 -46.5 L 61.21 -46.58 L 61.31 -46.65 L 61.53 -46.68 L 61.28 -46.48 L 61.3 -46.38 L 61.22 -46.24 L 60.78 -46.09 Z
