id,name,region,paths,latitude,longitude,name_alternates,wikipedia
acre,Acre,North,M -69.58 10.95 L -69.96 10.92 L -70.29 11.06 L -70.44 11.04 L -70.53 10.94 L -70.64 11.01 L -70.64 9.85 L -70.54 9.71 L -70.62 9.57 L -70.56 9.57 L -70.52 9.43 L -70.61 9.45 L -71 9.8 L -71.3 9.99 L -72.2 10.01 L -72.16 9.88 L -72.27 9.76 L -72.31 9.53 L -72.81 9.41 L -73.21 9.41 L -72.97 9.13 L -72.97 9 L -73.17 8.72 L -73.35 8.6 L -73.36 8.48 L -73.54 8.36 L -73.67 8.01 L -73.78 7.94 L -73.79 7.87 L -73.71 7.87 L -73.71 7.79 L -74.02 7.54 L -73.94 7.45 L -73.98 7.36 L -73.9 7.37 L -73.71 7.3 L -73.81 7.12 L -72.66 7.59 L -70.37 8.16 L -66.65 9.92 L -67.06 10.26 L -67.18 10.33 L -67.32 10.32 L -67.34 10.37 L -67.58 10.5 L -67.72 10.71 L -68.04 10.67 L -68.29 10.98 L -68.62 11.11 L -68.78 11.14 L -68.76 11.01 L -68.8 10.99 L -69.58 10.95 Z,-8.9285,-70.2976,,Acre
alagoas,Alagoas,Northeast,M -35.15 8.91 L -35.31 9.19 L -35.66 9.58 L -35.7 9.67 L -35.78 9.7 L -35.75 9.64 L -35.8 9.58 L -35.79 9.68 L -35.86 9.73 L -35.91 9.62 L -35.96 9.61 L -35.87 9.76 L -35.81 9.74 L -36.04 10.06 L -36.28 10.28 L -36.41 10.5 L -36.45 10.41 L -36.57 10.41 L -36.62 10.25 L -36.73 10.26 L -36.93 10.12 L -36.98 9.97 L -37.22 9.9 L -37.36 9.77 L -37.79 9.64 L -37.99 9.54 L -38.02 9.47 L -38.19 9.42 L -38.24 9.33 L -38.1 9.19 L -37.97 9.14 L -37.76 8.86 L -37.67 8.98 L -37.52 8.94 L -37.18 9.24 L -36.94 9.36 L -36.88 9.27 L -36.59 9.3 L -36.35 9.2 L -36.01 8.89 L -35.8 8.87 L -35.72 8.92 L -35.49 8.83 L -35.15 8.91 Z,-9.77391,-36.6917,,Alagoas
amapa,Amapá,North,M -54.74 -2.47 L -54.7 -2.45 L -54.7 -2.32 L -54.59 -2.32 L -54.48 -2.21 L -54.19 -2.16 L -54.13 -2.11 L -53.76 -2.37 L -53.74 -2.31 L -53.53 -2.25 L -53.34 -2.35 L -53.23 -2.25 L -53.27 -2.2 L -52.92 -2.2 L -52.59 -2.5 L -52.58 -2.63 L -52.41 -2.9 L -52.36 -3.15 L -52.23 -3.26 L -51.78 -3.98 L -51.63 -4.07 L -51.59 -4.23 L -51.44 -3.93 L -51.55 -4.26 L -51.56 -4.37 L -51.52 -4.44 L -51.39 -4.36 L -51.19 -4.08 L -51.18 -3.65 L -51.14 -3.87 L -51.12 -3.91 L -51.08 -3.88 L -51.09 -3.38 L -51.02 -3.04 L -50.85 -2.67 L -50.84 -2.5 L -50.76 -2.44 L -50.68 -2.17 L -50.74 -2.13 L -50.79 -2.16 L -50.78 -2.07 L -50.75 -2.05 L -50.7 -2.13 L -50.62 -2.11 L -50.47 -1.82 L -50.16 -1.82 L -49.95 -1.72 L -49.9 -1.61 L -49.88 -1.31 L -49.98 -1.25 L -50.15 -1.22 L -50.12 -1.19 L -49.92 -1.22 L -49.89 -1.17 L -49.98 -1.07 L -50.03 -1.11 L -50.06 -1.02 L -50.45 -0.66 L -50.61 -0.37 L -50.79 -0.17 L -50.98 -0.12 L -51.08 0.03 L -51.33 0.08 L -51.25 0.13 L -51.37 0.34 L -51.49 0.52 L -51.58 0.53 L -51.55 0.55 L -51.59 0.56 L -51.53 0.55 L -51.7 0.75 L -51.72 1.03 L -51.83 1.13 L -51.98 1.14 L -52.07 1.22 L -52.12 1.16 L -52.25 1.14 L -52.36 1.07 L -52.38 0.89 L -52.52 0.88 L -52.53 0.65 L -52.63 0.56 L -52.63 0.39 L -52.81 0.18 L -52.92 0.19 L -53.04 -0.25 L -53.13 -0.39 L -53.12 -0.74 L -53.28 -0.79 L -53.42 -0.94 L -53.47 -1.13 L -53.41 -1.19 L -53.43 -1.26 L -53.54 -1.24 L -53.55 -1.36 L -53.66 -1.37 L -53.67 -1.43 L -53.86 -1.39 L -54 -1.52 L -54.08 -1.5 L -54.1 -1.61 L -54.36 -1.76 L -54.74 -1.77 L -54.8 -2.02 L -54.75 -2.07 L -54.78 -2.17 L -54.72 -2.27 L -54.78 -2.46 L -54.74 -2.47 Z|M -50.2 -0.75 L -50.28 -0.77 L -50.23 -0.86 L -50.11 -0.92 L -50.02 -0.89 L -50.1 -0.76 L -50.2 -0.75 Z|M -50.06 -0.92 L -50.1 -0.96 L -49.93 -1.07 L -49.96 -0.97 L -50.06 -0.92 Z|M -50.45 -2.11 L -50.4 -2.12 L -50.31 -1.97 L -50.42 -1.86 L -50.52 -2 L -50.5 -2.1 L -50.45 -2.11 Z|M -50.54 -2.15 L -50.46 -2.19 L -50.42 -2.13 L -50.5 -2.11 L -50.54 -2.15 Z,1.41157,-51.6842,,Amapá
amazonas,Amazonas,North,M -67.44 -2.14 L -67.34 -2.09 L -67.12 -1.71 L -67.07 -1.54 L -67.09 -1.18 L -66.88 -1.22 L -66.41 -0.8 L -66.29 -0.75 L -66.13 -0.73 L -65.75 -0.97 L -65.6 -0.98 L -65.52 -0.89 L -65.59 -0.74 L -65.54 -0.65 L -65.45 -0.69 L -65.33 -0.91 L -65.2 -0.92 L -65.14 -1.13 L -65.02 -1.14 L -64.84 -1.27 L -64.73 -1.25 L -64.41 -1.51 L -64.36 -1.5 L -64.39 -1.39 L -64.35 -1.37 L -64.09 -1.62 L -64.05 -1.89 L -64 -1.96 L -63.78 -1.97 L -63.62 -2.1 L -63.41 -2.15 L -63.39 -2.24 L -63.29 -2.16 L -63.15 -2.18 L -63.03 -2.03 L -62.85 -2.02 L -62.7 -1.94 L -62.71 -1.73 L -62.79 -1.6 L -62.62 -1.4 L -62.45 -0.82 L -62.54 -0.71 L -62.48 -0.52 L -62.57 -0.25 L -62.53 -0.1 L -62.59 0.01 L -62.38 0.31 L -62.3 0.61 L -62.39 0.72 L -62.5 0.69 L -62.5 0.78 L -62.03 1.14 L -61.87 1.38 L -61.76 1.36 L -61.6 1.42 L -61.62 1.28 L -61.53 0.73 L -61.22 0.49 L -60.93 0.55 L -60.74 0.85 L -60.52 0.83 L -60.48 0.75 L -60.32 0.69 L -60.39 0.46 L -60.22 0.05 L -60.05 -0.21 L -58.87 -0.23 L -58.85 0.35 L -58.73 0.45 L -58.74 0.65 L -58.63 0.77 L -58.45 0.85 L -58.39 1.05 L -57.67 1.58 L -57.41 1.71 L -57.25 1.72 L -57.24 1.77 L -57.09 1.81 L -56.99 1.95 L -56.75 2.04 L -56.74 2.18 L -56.64 2.22 L -56.5 2.16 L -56.48 2.26 L -56.31 2.24 L -56.4 2.3 L -56.39 2.39 L -58.29 6.5 L -58.47 6.7 L -58.42 6.91 L -58.22 7.11 L -58.14 7.34 L -58.22 7.43 L -58.22 7.62 L -58.38 7.82 L -58.31 8.1 L -58.44 8.41 L -58.42 8.55 L -58.48 8.7 L -58.55 8.75 L -61.61 8.77 L -61.62 8.71 L -61.72 8.69 L -61.84 8.74 L -61.92 8.87 L -62.12 8.78 L -62.18 8.6 L -62.3 8.58 L -62.38 8.37 L -62.54 8.36 L -62.74 8.05 L -62.9 8.01 L -63.54 8 L -63.58 8.16 L -63.74 8.2 L -63.74 8.28 L -63.9 8.32 L -63.99 8.43 L -63.92 8.54 L -64.01 8.68 L -64.13 8.69 L -64.12 8.96 L -64.37 8.94 L -64.6 9.03 L -64.78 8.99 L -64.92 9.11 L -64.91 9.22 L -65.07 9.43 L -65.15 9.41 L -65.21 9.25 L -65.45 9.45 L -65.56 9.41 L -65.75 9.57 L -65.95 9.4 L -66.39 9.4 L -66.39 9.51 L -66.49 9.62 L -66.83 9.84 L -70.37 8.16 L -72.66 7.59 L -73.81 7.12 L -73.76 6.89 L -73.69 6.81 L -73.37 6.58 L -73.2 6.55 L -73.15 6.48 L -73.13 6.39 L -73.23 6.08 L -72.98 5.65 L -72.97 5.47 L -72.9 5.27 L -72.92 5.13 L -72.75 5.06 L -72.64 5.06 L -72.41 4.88 L -72.39 4.79 L -72.25 4.76 L -71.91 4.52 L -71.52 4.49 L -71.48 4.44 L -71.36 4.46 L -71.26 4.38 L -71.21 4.41 L -71.17 4.36 L -71.13 4.4 L -71.01 4.35 L -70.97 4.39 L -70.83 4.18 L -70.69 4.17 L -70.65 4.12 L -70.59 4.19 L -70.55 4.14 L -70.52 4.18 L -70.33 4.14 L -70.32 4.25 L -70.21 4.34 L -70.14 4.26 L -70.04 4.34 L -69.97 4.29 L -69.4 1.18 L -69.44 1.01 L -69.53 0.93 L -69.63 0.73 L -69.58 0.64 L -69.62 0.52 L -69.93 0.31 L -70.07 0.16 L -70.05 -0.59 L -69.62 -0.65 L -69.48 -0.73 L -69.3 -0.62 L -69.14 -0.65 L -69.19 -0.73 L -69.15 -0.87 L -69.29 -1.04 L -69.76 -1.09 L -69.85 -1.06 L -69.86 -1.71 L -69.54 -1.77 L -69.35 -1.72 L -68.16 -1.72 L -68.28 -1.83 L -68.19 -2.01 L -68.03 -1.78 L -67.93 -1.74 L -67.82 -1.78 L -67.59 -2.05 L -67.44 -2.14 Z,-4.21774,-63.7853,Amazone,Amazonas
bahia,Bahia,Northeast,M -37.48 11.52 L -37.36 11.45 L -37.65 12.05 L -38.05 12.64 L -38.32 12.94 L -38.53 13.02 L -38.48 12.94 L -38.51 12.72 L -38.63 12.7 L -38.69 12.57 L -38.81 12.84 L -38.86 12.8 L -38.86 12.65 L -38.92 12.74 L -38.85 12.85 L -38.72 12.87 L -38.79 13.01 L -38.9 13.08 L -38.81 13.14 L -38.95 13.25 L -38.95 13.37 L -39.04 13.37 L -39.04 13.33 L -39.12 13.6 L -39.06 13.49 L -39.01 13.5 L -38.98 13.84 L -39.09 13.71 L -39.15 13.74 L -39.12 13.72 L -38.99 13.86 L -39.07 13.89 L -38.98 14.06 L -39.07 14.08 L -39.04 14.18 L -39.06 14.11 L -38.96 14.07 L -38.99 13.93 L -38.93 13.9 L -39.07 14.67 L -38.92 15.72 L -38.86 15.85 L -39.05 16.44 L -39.21 17.16 L -39.19 17.58 L -39.14 17.68 L -39.28 17.87 L -39.5 18.01 L -39.67 18.32 L -40.18 18.01 L -40.23 17.92 L -40.19 17.84 L -40.21 17.77 L -40.41 17.56 L -40.49 17.55 L -40.52 17.36 L -40.61 17.39 L -40.52 16.92 L -40.48 16.87 L -40.31 16.88 L -40.25 16.84 L -40.27 16.58 L -40.14 16.54 L -40.06 16.39 L -39.94 16.31 L -39.86 16.14 L -39.94 16 L -40.17 15.9 L -40.22 15.82 L -40.54 15.8 L -40.65 15.72 L -40.75 15.74 L -40.81 15.69 L -40.94 15.67 L -41.14 15.78 L -41.32 15.74 L -41.36 15.5 L -41.8 15.11 L -42.09 15.18 L -42.17 15.11 L -42.29 15.1 L -42.57 14.93 L -42.65 14.93 L -42.95 14.68 L -43.16 14.63 L -43.28 14.65 L -43.49 14.79 L -43.84 14.69 L -43.88 14.56 L -43.79 14.34 L -44.22 14.24 L -44.65 14.4 L -44.88 14.6 L -45.22 14.74 L -45.44 14.93 L -45.56 14.94 L -45.75 15.14 L -45.93 15.13 L -46.08 15.24 L -45.97 15 L -46.02 14.87 L -45.92 14.71 L -45.97 14.51 L -45.92 14.35 L -46.13 14.19 L -46.26 13.87 L -46.27 13.66 L -46.21 13.47 L -46.07 13.29 L -46.18 13.21 L -46.16 13.05 L -46.06 12.95 L -46.24 12.78 L -46.16 12.5 L -46.31 12.43 L -46.35 12.34 L -46.33 12.1 L -46.07 11.91 L -46.16 11.84 L -46.26 11.84 L -46.27 11.75 L -46.12 11.68 L -46.08 11.61 L -46.45 11.49 L -46.56 11.36 L -46.56 11.29 L -46.37 10.97 L -46.23 10.9 L -46.3 10.76 L -45.84 10.46 L -45.76 10.33 L -45.58 10.35 L -45.33 10.77 L -45.06 10.9 L -44.8 10.87 L -44.74 10.77 L -44.42 10.59 L -44.22 10.63 L -44.14 10.6 L -43.99 10.45 L -43.92 10.44 L -43.71 10.05 L -43.68 9.8 L -43.84 9.48 L -43.81 9.43 L -43.69 9.44 L -43.63 9.34 L -43.52 9.36 L -43.45 9.3 L -43.35 9.43 L -43.11 9.37 L -42.94 9.45 L -42.94 9.51 L -42.85 9.55 L -42.72 9.52 L -42.62 9.57 L -42.58 9.49 L -42.49 9.5 L -42.32 9.31 L -42.15 9.3 L -42.04 9.21 L -41.85 9.25 L -41.73 9.14 L -41.73 8.98 L -41.5 8.94 L -41.37 8.71 L -41.14 8.71 L -41.09 8.78 L -41 8.77 L -40.89 8.86 L -40.85 9.15 L -40.7 9.22 L -40.69 9.34 L -40.76 9.45 L -40.63 9.49 L -40.42 9.36 L -40.33 9.36 L -40.25 9.07 L -40.11 9.1 L -39.97 9.04 L -39.89 8.96 L -39.88 8.82 L -39.69 8.78 L -39.69 8.66 L -39.4 8.53 L -39.29 8.56 L -39.22 8.68 L -38.97 8.79 L -38.8 8.79 L -38.71 8.84 L -38.64 8.98 L -38.53 8.82 L -38.47 8.86 L -38.51 8.95 L -38.48 9 L -38.29 9.01 L -38.31 9.13 L -38.2 9.41 L -38.01 9.48 L -38.03 9.75 L -37.77 10.11 L -37.84 10.42 L -37.79 10.65 L -38 10.76 L -38.19 10.72 L -38.24 10.88 L -37.99 11.22 L -37.99 11.38 L -37.68 11.57 L -37.63 11.52 L -37.48 11.52 Z|M -38.94 13.39 L -38.91 13.39 L -38.9 13.45 L -38.93 13.56 L -38.9 13.67 L -38.98 13.6 L -38.97 13.5 L -39.05 13.46 L -39.03 13.39 L -38.94 13.39 Z|M -38.61 12.92 L -38.59 12.99 L -38.79 13.13 L -38.79 13.06 L -38.67 12.96 L -38.7 12.88 L -38.61 12.92 Z,-12.3651,-41.8027,Ba¡a,Bahia
ceara,Ceará,Northeast,M -41.25 3.01 L -41.26 2.93 L -41.32 2.9 L -41.26 2.88 L -41.08 2.92 L -41.1 2.88 L -40.83 2.88 L -40.5 2.79 L -39.99 2.85 L -39.73 3.03 L -39.62 3.04 L -39.08 3.38 L -38.99 3.4 L -38.92 3.51 L -38.66 3.68 L -38.48 3.7 L -38.38 3.87 L -38.03 4.24 L -37.77 4.4 L -37.65 4.58 L -37.27 4.74 L -37.24 4.83 L -37.58 4.95 L -37.72 5.06 L -37.92 5.46 L -38.05 5.61 L -38.14 5.89 L -38.3 6.07 L -38.46 6.08 L -38.58 6.26 L -38.61 6.4 L -38.53 6.41 L -38.65 6.68 L -38.62 6.77 L -38.74 6.97 L -38.68 7.04 L -38.68 7.16 L -38.55 7.24 L -38.53 7.32 L -38.7 7.62 L -38.87 7.71 L -38.97 7.85 L -39.07 7.85 L -39.12 7.75 L -39.26 7.67 L -39.35 7.55 L -39.65 7.37 L -39.93 7.36 L -40.15 7.42 L -40.54 7.39 L -40.58 7.2 L -40.41 6.82 L -40.47 6.74 L -40.71 6.66 L -40.78 6.47 L -40.79 6.28 L -40.89 6.01 L -40.94 5.43 L -41.07 5.31 L -41.06 5.17 L -41.18 4.94 L -41.24 4.62 L -41.23 4.52 L -41.07 4.33 L -41.09 4.26 L -41.23 4.04 L -41.45 3.44 L -41.25 3.01 Z,-5.37602,-39.3429,,Ceará
distrito-federal,Distrito Federal,Central-West,M -48.18 15.49 L -47.42 15.5 L -47.31 15.59 L -47.36 15.98 L -47.3 16.04 L -48.25 16.03 L -48.28 15.83 L -48.2 15.73 L -48.24 15.69 L -48.18 15.49 Z,-15.7665,-47.7902,,Distrito_Federal
espirito-santo,Espírito Santo,Southeast,M -39.67 18.32 L -39.74 18.68 L -39.71 19.42 L -39.81 19.64 L -40.01 19.75 L -40.1 19.93 L -40.16 19.96 L -40.23 20.27 L -40.37 20.23 L -40.37 20.32 L -40.26 20.32 L -40.42 20.62 L -40.62 20.83 L -40.65 20.81 L -40.76 20.86 L -40.97 21.27 L -41.07 21.21 L -41.25 21.23 L -41.71 21.11 L -41.74 20.82 L -41.88 20.76 L -41.8 20.53 L -41.8 20.43 L -41.85 20.35 L -41.73 20.21 L -41.37 20.19 L -41.3 19.95 L -41.19 19.87 L -41.16 19.66 L -41.04 19.56 L -41.05 19.49 L -40.96 19.47 L -40.95 19.14 L -41.05 19.05 L -41.05 18.93 L -41.24 18.84 L -40.92 18.79 L -40.93 18.68 L -41.03 18.65 L -41.01 18.42 L -41.09 18.36 L -41.15 18.39 L -41.14 18.29 L -41.06 18.18 L -40.92 18.1 L -40.77 18.15 L -40.91 17.95 L -40.79 17.97 L -40.53 17.9 L -40.47 17.93 L -40.44 17.88 L -39.67 18.32 Z|M -29.34 20.58 L -29.34 20.55 L -29.34 20.58 Z,-19.6916,-40.5436,Espiritu Santo,Espírito_Santo
goias,Goiás,Central-West,M -46.23 12.8 L -46.06 12.95 L -46.16 13.05 L -46.18 13.21 L -46.07 13.29 L -46.21 13.47 L -46.27 13.66 L -46.26 13.87 L -46.13 14.19 L -45.92 14.35 L -45.97 14.49 L -45.93 14.75 L -46.08 14.92 L -46.19 14.94 L -46.3 14.91 L -46.37 14.78 L -46.52 14.71 L -46.58 14.8 L -46.57 15.06 L -46.62 15.08 L -46.77 15.01 L -46.89 15.04 L -46.93 15.24 L -46.88 15.24 L -46.85 15.32 L -46.94 15.43 L -46.84 15.77 L -46.86 15.88 L -47.13 15.92 L -47.22 16.03 L -47.3 16.04 L -47.36 15.98 L -47.31 15.59 L -47.42 15.5 L -48.18 15.49 L -48.24 15.69 L -48.2 15.73 L -48.28 15.83 L -48.25 16.03 L -47.3 16.04 L -47.33 16.25 L -47.45 16.5 L -47.27 16.66 L -47.15 16.98 L -47.22 17.01 L -47.21 17.08 L -47.33 17.16 L -47.44 17.34 L -47.5 17.33 L -47.53 17.45 L -47.47 17.53 L -47.4 17.5 L -47.27 17.58 L -47.27 17.67 L -47.36 17.83 L -47.28 18.06 L -47.92 18.45 L -48.26 18.35 L -48.95 18.33 L -49.16 18.42 L -49.38 18.63 L -49.51 18.5 L -49.8 18.62 L -50.02 18.62 L -50.3 18.7 L -50.5 18.93 L -50.49 19.01 L -50.55 19.11 L -50.67 19.12 L -50.84 19.29 L -50.87 19.49 L -50.96 19.47 L -51.11 19.29 L -51.84 19.05 L -52.23 18.82 L -52.36 18.81 L -52.48 18.71 L -52.76 18.71 L -52.9 18.66 L -52.77 18.41 L -52.9 18.35 L -53 18.39 L -53.05 18.33 L -53.05 18.02 L -53.24 17.62 L -53.2 17.27 L -53.04 17.04 L -53.02 16.87 L -52.81 16.75 L -52.63 16.53 L -52.62 16.43 L -52.68 16.38 L -52.67 16.29 L -52.55 16.24 L -52.53 16.15 L -52.33 16.05 L -52.23 15.9 L -51.88 15.8 L -51.77 15.61 L -51.79 15.54 L -51.71 15.47 L -51.65 15.19 L -51.41 15 L -51.32 14.96 L -51.26 15.02 L -51.1 14.89 L -50.97 14.52 L -51 14.4 L -50.92 14.12 L -50.85 14.08 L -50.87 13.72 L -50.8 13.68 L -50.76 13.53 L -50.6 13.3 L -50.59 13.07 L -50.5 12.95 L -50.45 12.7 L -50.32 12.51 L -50.15 12.4 L -50.13 12.43 L -50.27 12.77 L -50.26 12.92 L -49.68 13.18 L -49.4 13.25 L -49.14 12.73 L -49 12.65 L -49.01 12.74 L -48.8 12.93 L -48.75 13.38 L -48.68 13.34 L -48.64 13.16 L -48.39 13.19 L -48.17 13.06 L -48.17 13.18 L -47.67 13.36 L -47.73 13.17 L -47.66 13.1 L -47.53 13.3 L -47.09 13.1 L -46.78 13.05 L -46.62 12.9 L -46.23 12.8 Z,-15.863,-49.5786,Goiáz|Goyáz,Goiás
maranhao,Maranhão,Northeast,M -46.08 1.21 L -46.05 1.16 L -46.03 1.2 L -45.98 1.06 L -45.98 1.14 L -45.95 1.14 L -46 1.19 L -45.94 1.25 L -45.87 1.06 L -45.9 1.26 L -45.86 1.23 L -45.86 1.27 L -45.84 1.2 L -45.81 1.33 L -45.72 1.13 L -45.73 1.25 L -45.69 1.2 L -45.65 1.27 L -45.68 1.37 L -45.62 1.36 L -45.61 1.28 L -45.58 1.33 L -45.54 1.27 L -45.53 1.42 L -45.42 1.29 L -45.48 1.46 L -45.54 1.49 L -45.5 1.47 L -45.46 1.55 L -45.45 1.45 L -45.33 1.31 L -45.3 1.42 L -45.39 1.48 L -45.35 1.48 L -45.4 1.56 L -45.34 1.58 L -45.36 1.7 L -45.32 1.74 L -45.22 1.67 L -45.25 1.58 L -45.16 1.48 L -45.08 1.48 L -45.06 1.43 L -44.97 1.55 L -45.02 1.6 L -44.97 1.59 L -44.95 1.5 L -44.87 1.42 L -44.85 1.48 L -44.91 1.6 L -44.95 1.6 L -44.93 1.66 L -44.89 1.6 L -44.83 1.63 L -44.84 1.57 L -44.77 1.72 L -44.82 1.76 L -44.78 1.7 L -44.71 1.72 L -44.81 1.81 L -44.68 1.81 L -44.65 1.72 L -44.6 1.74 L -44.66 1.84 L -44.53 1.84 L -44.59 1.9 L -44.52 1.9 L -44.49 2 L -44.62 2.04 L -44.49 2.05 L -44.65 2.16 L -44.59 2.17 L -44.71 2.24 L -44.69 2.27 L -44.82 2.28 L -44.67 2.27 L -44.72 2.4 L -44.66 2.36 L -44.65 2.43 L -44.63 2.27 L -44.46 2.14 L -44.4 2.2 L -44.36 2.33 L -44.4 2.4 L -44.55 2.39 L -44.51 2.39 L -44.52 2.5 L -44.66 2.59 L -44.54 2.54 L -44.69 2.92 L -44.69 2.99 L -44.62 3.05 L -44.78 3.2 L -44.76 3.29 L -44.8 3.3 L -44.43 2.95 L -44.35 2.53 L -44.29 2.58 L -44.29 2.48 L -44.07 2.4 L -44.03 2.44 L -44.1 2.46 L -44.06 2.51 L -44.04 2.47 L -44.05 2.55 L -44.12 2.59 L -44.14 2.67 L -44.21 2.67 L -44.35 2.81 L -44.31 2.78 L -44.3 2.83 L -44.26 2.77 L -44.22 2.79 L -44.19 2.76 L -44.2 2.87 L -44.11 2.75 L -44.07 2.8 L -44.02 2.65 L -43.95 2.63 L -43.92 2.55 L -43.88 2.63 L -43.88 2.57 L -43.75 2.53 L -43.72 2.48 L -43.72 2.56 L -43.66 2.55 L -43.68 2.5 L -43.64 2.48 L -43.67 2.51 L -43.54 2.53 L -43.54 2.44 L -43.45 2.55 L -43.47 2.49 L -43.42 2.48 L -43.46 2.44 L -43.41 2.46 L -43.49 2.4 L -43.41 2.34 L -42.7 2.56 L -42.58 2.67 L -42.49 2.67 L -42.51 2.72 L -42.45 2.75 L -42.26 2.76 L -42.24 2.83 L -42.08 2.8 L -41.94 2.84 L -41.94 2.77 L -42.01 2.73 L -41.82 2.73 L -41.87 2.83 L -41.81 2.96 L -41.95 3.18 L -42.12 3.27 L -42.1 3.3 L -42.22 3.43 L -42.5 3.45 L -42.66 3.67 L -42.73 3.91 L -42.99 4.24 L -42.97 4.37 L -42.9 4.4 L -42.86 4.5 L -42.95 4.66 L -42.95 4.78 L -42.86 4.92 L -42.8 5.18 L -42.85 5.34 L -43.1 5.62 L -43.08 6.05 L -42.85 6.25 L -42.83 6.35 L -42.93 6.69 L -43 6.76 L -43.2 6.75 L -43.42 6.84 L -43.67 6.7 L -43.97 6.74 L -44.06 6.83 L -44.11 6.82 L -44.09 6.86 L -44.16 6.89 L -44.3 7.1 L -44.5 7.18 L -44.7 7.39 L -44.82 7.36 L -45.01 7.49 L -45.28 7.55 L -45.5 7.71 L -45.58 8.15 L -45.74 8.43 L -45.77 8.61 L -45.98 8.91 L -45.91 9.29 L -45.8 9.46 L -45.84 9.53 L -45.86 10 L -45.95 10.18 L -45.95 10.32 L -46.09 10.21 L -46.35 10.17 L -46.47 10.01 L -46.5 9.87 L -46.67 9.75 L -46.54 9.51 L -46.81 9.36 L -46.89 9.1 L -47.08 9.03 L -46.9 8.83 L -46.92 8.74 L -46.83 8.47 L -46.72 8.41 L -46.49 8.39 L -46.54 8.31 L -46.47 8.08 L -46.49 7.97 L -46.61 7.9 L -47.02 8.04 L -47.41 7.53 L -47.47 7.53 L -47.5 7.45 L -47.59 7.45 L -47.49 7.38 L -47.49 7.3 L -47.59 7.27 L -47.64 7.31 L -47.74 7.19 L -47.64 7.16 L -47.5 6.98 L -47.49 6.7 L -47.38 6.28 L -47.5 5.53 L -47.72 5.39 L -47.84 5.38 L -47.9 5.25 L -48.11 5.27 L -48.34 5.16 L -48.5 5.19 L -48.61 5.33 L -48.68 5.31 L -48.74 5.35 L -47.8 4.6 L -47.66 4.61 L -47.58 4.55 L -47.37 4.25 L -47.31 4.07 L -47.08 3.88 L -47.03 3.57 L -46.97 3.53 L -46.94 3.4 L -46.82 3.33 L -46.7 3.15 L -46.64 3 L -46.65 2.89 L -46.57 2.85 L -46.66 2.72 L -46.43 2.53 L -46.43 2.25 L -46.37 2.25 L -46.28 2.14 L -46.21 1.82 L -46.3 1.8 L -46.32 1.74 L -46.2 1.68 L -46.2 1.48 L -46.13 1.35 L -46.17 1.3 L -46.08 1.21 Z|M -44.5 2.81 L -44.5 2.95 L -44.6 3.06 L -44.58 2.8 L -44.48 2.7 L -44.5 2.81 Z|M -42.04 2.7 L -42.03 2.74 L -42.09 2.76 L -42.1 2.7 L -42.19 2.68 L -42.04 2.7 Z|M -43.63 2.25 L -43.63 2.4 L -43.73 2.42 L -43.72 2.29 L -43.63 2.25 Z|M -44.89 1.27 L -44.89 1.33 L -44.92 1.31 L -44.9 1.33 L -44.96 1.39 L -45.02 1.38 L -44.97 1.26 L -44.89 1.27 Z|M -42.23 2.69 L -42.11 2.77 L -42.25 2.74 L -42.23 2.69 Z|M -43.83 2.45 L -43.82 2.41 L -43.81 2.45 L -43.76 2.45 L -43.81 2.51 L -43.83 2.45 Z|M -43.56 2.36 L -43.57 2.42 L -43.61 2.39 L -43.56 2.36 Z,-5.01897,-45.389,São Luíz de Maranhão,Maranhão
mato-grosso,Mato Grosso,Central-West,M -58.46 16.33 L -60.13 16.27 L -60.18 16.22 L -60.25 15.48 L -60.58 15.1 L -60.27 15.08 L -60.29 14.63 L -60.37 14.54 L -60.34 14.49 L -60.46 14.28 L -60.48 14.16 L -60.39 13.98 L -60.47 13.8 L -60.73 13.66 L -60.38 13.42 L -60.27 13.06 L -60.04 12.88 L -59.82 12.41 L -59.9 12.1 L -59.98 11.92 L -60.07 11.89 L -60.1 11.74 L -60.1 11.6 L -59.91 11.38 L -60 11.14 L -60.29 11.08 L -60.37 11.11 L -60.44 11 L -61.51 10.99 L -61.47 10.43 L -61.58 10.13 L -61.52 9.87 L -61.56 9.73 L -61.48 9.63 L -61.61 9.32 L -61.59 9.24 L -61.53 9.22 L -61.56 9.1 L -61.48 8.9 L -61.61 8.77 L -58.55 8.75 L -58.48 8.7 L -58.42 8.55 L -58.44 8.42 L -58.31 8.1 L -58.38 7.82 L -58.22 7.62 L -58.22 7.43 L -58.14 7.34 L -57.98 7.53 L -57.79 8.04 L -57.64 8.22 L -57.68 8.45 L -57.59 8.74 L -57.09 9.06 L -57.06 9.22 L -56.84 9.27 L -56.77 9.4 L -56.68 9.38 L -56.47 9.48 L -50.24 9.84 L -50.39 10.14 L -50.41 10.3 L -50.49 10.42 L -50.52 10.56 L -50.6 10.66 L -50.61 11.06 L -50.74 11.47 L -50.65 11.61 L -50.71 11.74 L -50.64 11.89 L -50.68 12.04 L -50.61 12.43 L -50.68 12.62 L -50.6 12.8 L -50.48 12.88 L -50.59 13.07 L -50.6 13.3 L -50.76 13.53 L -50.8 13.68 L -50.87 13.72 L -50.85 14.08 L -50.92 14.12 L -50.96 14.24 L -50.98 14.57 L -51.16 14.96 L -51.27 15.02 L -51.32 14.96 L -51.41 15 L -51.65 15.19 L -51.71 15.47 L -51.79 15.54 L -51.77 15.61 L -51.87 15.79 L -52.23 15.9 L -52.33 16.05 L -52.53 16.15 L -52.54 16.23 L -52.67 16.3 L -52.68 16.38 L -52.62 16.43 L -52.71 16.65 L -53.02 16.87 L -53.04 17.04 L -53.2 17.28 L -53.24 17.59 L -53.05 18.02 L -53.73 18.01 L -53.98 17.93 L -53.88 17.71 L -53.75 17.65 L -53.69 17.25 L -53.82 17.31 L -54.13 17.62 L -54.38 17.68 L -54.42 17.58 L -54.61 17.51 L -54.75 17.54 L -54.91 17.65 L -55.18 17.69 L -55.54 17.5 L -55.63 17.38 L -55.79 17.35 L -56.1 17.19 L -56.42 17.32 L -56.76 17.32 L -57.08 17.76 L -57.42 17.86 L -57.47 17.95 L -57.47 17.89 L -57.6 17.82 L -57.63 17.74 L -57.77 17.71 L -57.81 17.52 L -58.01 17.5 L -58.38 17.27 L -58.48 16.68 L -58.34 16.47 L -58.34 16.29 L -58.46 16.33 Z,-13.3926,-55.9235,Matto Grosso,Mato_Grosso
mato-grosso-do-sul,Mato Grosso do Sul,Central-West,M -57.92 20.03 L -57.86 19.98 L -58.12 19.73 L -57.79 19.06 L -57.72 19.04 L -57.73 18.92 L -57.78 18.91 L -57.57 18.26 L -57.47 18.24 L -57.55 18.18 L -57.73 17.85 L -57.7 17.83 L -57.72 17.74 L -57.63 17.74 L -57.6 17.82 L -57.47 17.89 L -57.47 17.95 L -57.42 17.86 L -57.08 17.76 L -56.76 17.32 L -56.42 17.32 L -56.12 17.19 L -55.79 17.35 L -55.63 17.38 L -55.54 17.5 L -55.18 17.69 L -54.91 17.65 L -54.75 17.54 L -54.61 17.51 L -54.42 17.58 L -54.38 17.68 L -54.13 17.62 L -53.82 17.31 L -53.69 17.25 L -53.75 17.65 L -53.88 17.71 L -53.98 17.93 L -53.73 18.01 L -53.05 18.02 L -53.03 18.36 L -52.99 18.39 L -52.89 18.35 L -52.77 18.41 L -52.9 18.66 L -52.76 18.71 L -52.48 18.71 L -52.36 18.81 L -52.23 18.82 L -51.84 19.05 L -51.11 19.29 L -50.94 19.55 L -50.99 19.58 L -51.03 19.72 L -50.99 20.1 L -51.03 20.19 L -51.14 20.3 L -51.33 20.36 L -51.58 20.6 L -51.63 20.88 L -51.87 21.14 L -51.87 21.34 L -51.98 21.48 L -52.1 21.52 L -52.04 21.67 L -52.3 21.92 L -52.36 22.09 L -52.46 22.18 L -52.97 22.46 L -53.17 22.7 L -53.58 22.9 L -53.73 23.3 L -53.97 23.44 L -54.08 23.95 L -54.25 24.05 L -54.64 23.8 L -54.94 23.97 L -55.17 24.02 L -55.42 23.95 L -55.45 23.74 L -55.53 23.6 L -55.54 23.23 L -55.64 23 L -55.62 22.64 L -55.72 22.57 L -55.76 22.39 L -55.86 22.29 L -56.21 22.28 L -56.41 22.08 L -56.51 22.09 L -56.65 22.26 L -56.72 22.22 L -56.86 22.29 L -56.9 22.24 L -57.21 22.19 L -57.38 22.21 L -57.61 22.18 L -57.66 22.1 L -57.84 22.14 L -57.99 22.07 L -57.9 21.69 L -57.95 21.51 L -57.86 21.33 L -57.9 21.27 L -57.83 21.17 L -57.82 20.95 L -57.91 20.91 L -57.86 20.83 L -57.94 20.79 L -57.86 20.74 L -57.92 20.67 L -57.98 20.69 L -57.99 20.43 L -58.08 20.38 L -58.1 20.27 L -58.16 20.24 L -58.12 20.21 L -58.16 20.17 L -57.92 20.03 Z,-20.6756,-54.5502,,Mato_Grosso_do_Sul
minas-gerais,Minas Gerais,Southeast,M -46.51 14.71 L -46.37 14.78 L -46.29 14.91 L -46.1 14.93 L -46.02 14.87 L -45.97 15 L -46.07 15.25 L -45.93 15.13 L -45.75 15.14 L -45.56 14.94 L -45.41 14.91 L -45.22 14.74 L -44.88 14.6 L -44.84 14.52 L -44.56 14.35 L -44.32 14.25 L -44 14.27 L -43.79 14.34 L -43.88 14.56 L -43.84 14.69 L -43.49 14.79 L -43.22 14.64 L -42.95 14.68 L -42.65 14.93 L -42.57 14.93 L -42.29 15.1 L -42.17 15.11 L -42.09 15.18 L -41.8 15.11 L -41.36 15.5 L -41.32 15.74 L -41.14 15.78 L -40.94 15.67 L -40.81 15.69 L -40.75 15.74 L -40.65 15.72 L -40.54 15.8 L -40.22 15.82 L -40.17 15.9 L -39.94 16 L -39.86 16.13 L -39.94 16.31 L -40.06 16.39 L -40.14 16.54 L -40.27 16.58 L -40.25 16.84 L -40.31 16.88 L -40.48 16.87 L -40.57 17.12 L -40.61 17.4 L -40.52 17.36 L -40.49 17.55 L -40.41 17.56 L -40.21 17.77 L -40.21 17.98 L -40.44 17.87 L -40.47 17.93 L -40.53 17.9 L -40.79 17.97 L -40.91 17.95 L -40.77 18.15 L -40.93 18.11 L -41.14 18.28 L -41.15 18.39 L -41.09 18.36 L -41.01 18.42 L -41.03 18.65 L -40.93 18.68 L -40.92 18.78 L -40.96 18.82 L -41.17 18.81 L -41.24 18.84 L -41.05 18.93 L -41.05 19.05 L -40.94 19.15 L -40.96 19.47 L -41.05 19.49 L -41.04 19.56 L -41.16 19.66 L -41.19 19.87 L -41.3 19.95 L -41.37 20.19 L -41.73 20.21 L -41.85 20.34 L -41.8 20.53 L -41.85 20.63 L -41.81 20.64 L -41.97 20.91 L -42.14 20.96 L -42.1 21.01 L -42.37 21.59 L -42.37 21.63 L -42.27 21.66 L -42.28 21.71 L -43.14 22.1 L -43.13 22.02 L -43.33 22 L -43.47 22.06 L -43.78 22.06 L -44.24 22.26 L -44.43 22.25 L -44.65 22.36 L -45.06 22.47 L -45.4 22.65 L -45.45 22.6 L -45.52 22.65 L -45.58 22.62 L -45.66 22.65 L -45.65 22.59 L -45.73 22.59 L -45.71 22.64 L -45.81 22.71 L -45.73 22.74 L -45.78 22.85 L -45.86 22.86 L -45.91 22.82 L -46.12 22.89 L -46.15 22.85 L -46.35 22.86 L -46.36 22.76 L -46.48 22.67 L -46.4 22.63 L -46.39 22.53 L -46.65 22.4 L -46.7 22.32 L -46.6 22.13 L -46.7 22.07 L -46.62 21.99 L -46.67 21.81 L -46.52 21.6 L -46.51 21.46 L -46.65 21.37 L -47 21.4 L -47.05 21.2 L -47.13 21.12 L -47.15 20.98 L -47.22 20.91 L -47.11 20.64 L -47.15 20.53 L -47.29 20.44 L -47.23 20.21 L -47.44 20.04 L -47.47 19.96 L -47.64 20.04 L -47.72 19.98 L -47.85 19.98 L -47.88 20.1 L -47.93 20.11 L -47.99 20.03 L -48.01 20.11 L -48.07 20.15 L -48.22 20.01 L -48.24 20.14 L -48.4 20.11 L -48.82 20.15 L -48.89 20.26 L -48.87 20.41 L -48.9 20.44 L -48.97 20.4 L -49 20.15 L -49.04 20.14 L -49.15 20.3 L -49.22 20.29 L -49.3 20.14 L -49.29 20.03 L -49.24 19.99 L -49.27 19.97 L -50.34 19.87 L -50.49 19.78 L -50.99 20.1 L -51.03 19.75 L -50.99 19.58 L -50.94 19.55 L -50.95 19.46 L -50.84 19.46 L -50.88 19.41 L -50.84 19.29 L -50.67 19.12 L -50.55 19.11 L -50.49 19.01 L -50.5 18.93 L -50.3 18.7 L -50.02 18.62 L -49.8 18.62 L -49.51 18.5 L -49.38 18.63 L -49.16 18.42 L -48.95 18.33 L -48.26 18.35 L -47.92 18.45 L -47.28 18.06 L -47.36 17.83 L -47.27 17.67 L -47.27 17.58 L -47.4 17.5 L -47.48 17.52 L -47.53 17.43 L -47.5 17.33 L -47.44 17.34 L -47.41 17.25 L -47.15 16.97 L -47.27 16.66 L -47.44 16.52 L -47.44 16.42 L -47.33 16.25 L -47.3 16.04 L -47.22 16.03 L -47.13 15.92 L -46.84 15.86 L -46.87 15.59 L -46.93 15.55 L -46.94 15.42 L -46.85 15.32 L -46.88 15.24 L -46.93 15.24 L -46.89 15.06 L -46.79 15.01 L -46.57 15.06 L -46.58 14.8 L -46.51 14.71 Z,-18.5895,-44.4808,Minas|Minas Geraes,Minas_Gerais
para,Pará,North,M -57.1 -2.02 L -57.04 -1.93 L -56.88 -1.89 L -56.48 -1.94 L -56.02 -1.83 L -55.92 -1.89 L -55.92 -2.05 L -56.07 -2.24 L -56.15 -2.26 L -56.1 -2.35 L -56.01 -2.4 L -55.98 -2.53 L -55.72 -2.4 L -55.4 -2.43 L -55.32 -2.52 L -55.25 -2.5 L -55.14 -2.56 L -55.12 -2.52 L -54.96 -2.61 L -54.98 -2.54 L -54.88 -2.45 L -54.78 -2.46 L -54.73 -2.41 L -54.72 -2.27 L -54.78 -2.17 L -54.75 -2.07 L -54.8 -2.02 L -54.74 -1.77 L -54.36 -1.76 L -54.1 -1.61 L -54.08 -1.5 L -54 -1.52 L -53.86 -1.39 L -53.67 -1.43 L -53.66 -1.37 L -53.55 -1.36 L -53.54 -1.24 L -53.43 -1.26 L -53.41 -1.19 L -53.47 -1.13 L -53.42 -0.94 L -53.28 -0.79 L -53.12 -0.74 L -53.13 -0.4 L -53.04 -0.25 L -53.01 -0.04 L -52.92 0.19 L -52.81 0.18 L -52.63 0.4 L -52.63 0.56 L -52.52 0.66 L -52.52 0.88 L -52.38 0.89 L -52.37 1.06 L -52.27 1.14 L -52.12 1.15 L -52.07 1.22 L -51.98 1.14 L -51.91 1.16 L -51.92 1.33 L -52 1.4 L -52.24 1.35 L -52.7 1.55 L -52.71 1.6 L -52.28 1.52 L -52.23 1.6 L -52.26 1.7 L -52.2 1.69 L -52.14 1.62 L -51.96 1.59 L -51.67 1.4 L -51.46 1.33 L -51.4 1.25 L -51.28 1.23 L -51 1.01 L -51 0.92 L -50.94 0.96 L -50.94 0.91 L -50.84 0.91 L -50.83 1.05 L -50.96 1.13 L -50.82 1.23 L -50.82 1.44 L -50.68 1.63 L -50.65 1.74 L -50.74 1.74 L -50.72 1.82 L -50.79 1.9 L -50.88 1.85 L -50.84 1.96 L -50.7 1.91 L -50.66 1.8 L -50.61 1.81 L -50.55 1.91 L -50.47 1.93 L -50.48 1.98 L -50.44 1.94 L -50.42 2.07 L -50.31 1.91 L -50.16 1.92 L -50.11 1.85 L -49.98 1.83 L -49.87 1.89 L -49.89 2.09 L -49.85 2.05 L -49.81 2.11 L -49.85 1.9 L -49.83 1.95 L -49.81 1.9 L -49.68 1.91 L -49.59 2.01 L -49.65 1.9 L -49.6 1.84 L -49.54 1.86 L -49.49 1.76 L -49.46 1.81 L -49.42 1.78 L -49.45 1.86 L -49.37 1.91 L -49.38 1.99 L -49.55 2.4 L -49.55 2.52 L -49.66 2.68 L -49.53 2.63 L -49.23 1.95 L -48.97 1.6 L -48.86 1.57 L -49.03 1.85 L -48.93 1.79 L -48.66 1.38 L -48.54 1.58 L -48.43 1.66 L -48.48 1.51 L -48.33 1.47 L -48.5 1.46 L -48.48 1.28 L -48.44 1.22 L -48.43 1.3 L -48.33 1.31 L -48.31 1.19 L -48.25 1.19 L -48.28 1.13 L -48.22 1.11 L -48.27 1.11 L -48.29 1.04 L -48.19 1.02 L -48.14 0.9 L -48.15 0.78 L -48.04 0.66 L -47.96 0.78 L -47.87 0.67 L -47.8 0.69 L -47.81 0.57 L -47.73 0.64 L -47.73 0.76 L -47.61 0.69 L -47.58 0.58 L -47.5 0.76 L -47.41 0.77 L -47.39 0.81 L -47.39 0.75 L -47.45 0.7 L -47.47 0.73 L -47.46 0.59 L -47.4 0.59 L -47.41 0.68 L -47.29 0.59 L -47.26 0.68 L -47.24 0.62 L -47.2 0.65 L -47.24 0.72 L -47.16 0.68 L -47.19 0.76 L -47.14 0.8 L -47.08 0.67 L -47.06 0.87 L -46.97 0.7 L -46.92 0.83 L -46.95 0.9 L -46.82 0.71 L -46.78 0.9 L -46.76 0.82 L -46.71 0.88 L -46.75 0.94 L -46.69 0.83 L -46.63 0.86 L -46.66 0.8 L -46.6 0.87 L -46.62 0.94 L -46.67 0.92 L -46.75 1.02 L -46.43 0.87 L -46.48 0.92 L -46.48 1.05 L -46.36 1.01 L -46.36 1.08 L -46.32 1.02 L -46.32 1.11 L -46.3 1.03 L -46.25 1.09 L -46.28 1.03 L -46.25 0.93 L -46.17 0.92 L -46.26 1.18 L -46.14 1.11 L -46.15 1.18 L -46.1 1.07 L -46.06 1.15 L -46.17 1.3 L -46.13 1.35 L -46.2 1.48 L -46.2 1.68 L -46.32 1.74 L -46.3 1.8 L -46.22 1.81 L -46.22 1.97 L -46.3 2.18 L -46.37 2.25 L -46.43 2.25 L -46.43 2.53 L -46.66 2.72 L -46.57 2.85 L -46.65 2.89 L -46.64 3 L -46.7 3.15 L -46.82 3.33 L -46.94 3.4 L -46.97 3.53 L -47.03 3.57 L -47.08 3.88 L -47.31 4.07 L -47.37 4.25 L -47.58 4.55 L -47.66 4.61 L -47.8 4.6 L -48.74 5.35 L -48.56 5.41 L -48.38 5.39 L -48.3 5.52 L -48.21 5.54 L -48.14 5.65 L -48.3 5.75 L -48.23 5.93 L -48.33 5.98 L -48.28 6.1 L -48.42 6.16 L -48.38 6.36 L -48.5 6.35 L -48.61 6.44 L -48.67 6.65 L -49.01 6.78 L -49.22 6.93 L -49.19 7.25 L -49.39 7.55 L -49.35 7.68 L -49.16 7.8 L -49.3 8.37 L -49.38 8.44 L -49.57 8.81 L -49.76 8.92 L -50.05 9.32 L -50.15 9.7 L -50.24 9.84 L -56.47 9.48 L -56.68 9.38 L -56.78 9.39 L -56.84 9.27 L -57.05 9.23 L -57.09 9.06 L -57.59 8.74 L -57.68 8.45 L -57.64 8.22 L -57.79 8.04 L -57.98 7.53 L -58.17 7.3 L -58.19 7.15 L -58.42 6.91 L -58.47 6.72 L -58.29 6.5 L -56.39 2.39 L -56.4 2.3 L -56.31 2.24 L -56.48 2.26 L -56.5 2.16 L -56.64 2.22 L -56.69 2.2 L -56.76 2.17 L -56.75 2.04 L -56.99 1.95 L -57.09 1.81 L -57.67 1.58 L -58.32 1.12 L -58.41 1.03 L -58.45 0.85 L -58.63 0.77 L -58.74 0.65 L -58.73 0.45 L -58.86 0.32 L -58.97 -1.31 L -58.83 -1.19 L -58.7 -1.28 L -58.52 -1.27 L -58.48 -1.33 L -58.51 -1.44 L -58.39 -1.49 L -58.32 -1.6 L -58.15 -1.52 L -58.03 -1.52 L -57.99 -1.66 L -57.56 -1.71 L -57.34 -1.97 L -57.24 -1.95 L -57.1 -2.02 Z|M -49.29 1.76 L -49.37 1.9 L -49.44 1.87 L -49.35 1.72 L -49.29 1.76 Z|M -48.34 1.07 L -48.3 1.13 L -48.33 1.21 L -48.46 1.16 L -48.42 1.08 L -48.34 1.07 Z|M -48.19 0.82 L -48.16 0.87 L -48.2 1.01 L -48.31 1.02 L -48.31 0.95 L -48.19 0.82 Z|M -47.95 0.64 L -47.89 0.67 L -47.96 0.73 L -47.95 0.64 Z|M -50.82 0.62 L -50.84 0.72 L -51.1 0.83 L -51.07 0.68 L -50.86 0.57 L -50.87 0.61 L -50.84 0.56 L -50.82 0.62 Z|M -47.66 0.58 L -47.64 0.69 L -47.7 0.71 L -47.76 0.58 L -47.73 0.54 L -47.66 0.58 Z|M -51.19 0.61 L -51.15 0.66 L -51.28 1.03 L -51.33 1.01 L -51.43 1.19 L -51.74 1.42 L -51.93 1.47 L -51.95 1.42 L -51.88 1.26 L -51.68 1.1 L -51.68 0.85 L -51.53 0.63 L -51.35 0.53 L -51.38 0.65 L -51.35 0.58 L -51.3 0.59 L -51.31 0.52 L -51.19 0.61 Z|M -51.17 0.14 L -51.12 0.15 L -51.17 0.31 L -51.41 0.46 L -51.26 0.22 L -51.17 0.14 Z|M -48.46 0.58 L -48.5 0.74 L -48.57 0.68 L -48.53 0.87 L -48.66 1 L -48.63 1.01 L -48.64 1.08 L -48.82 1.2 L -48.92 1.14 L -48.84 1.21 L -48.87 1.25 L -48.8 1.27 L -48.83 1.42 L -48.99 1.29 L -48.95 1.31 L -48.99 1.37 L -48.95 1.35 L -48.84 1.45 L -49.07 1.53 L -49.2 1.39 L -49.18 1.57 L -49.23 1.57 L -49.17 1.59 L -49.22 1.62 L -49.35 1.57 L -49.39 1.48 L -49.41 1.54 L -49.36 1.64 L -49.44 1.64 L -49.53 1.5 L -49.5 1.59 L -49.56 1.72 L -49.69 1.77 L -49.74 1.58 L -49.73 1.75 L -49.78 1.81 L -50 1.75 L -50.03 1.66 L -50.16 1.78 L -50.22 1.74 L -50.28 1.6 L -50.26 1.48 L -50.29 1.6 L -50.24 1.64 L -50.26 1.74 L -50.31 1.66 L -50.28 1.76 L -50.37 1.77 L -50.3 1.8 L -50.41 1.83 L -50.6 1.77 L -50.59 1.68 L -50.8 1.43 L -50.79 1.09 L -50.56 1.18 L -50.62 1.12 L -50.48 1.04 L -50.66 1.09 L -50.76 1.08 L -50.79 1.02 L -50.78 0.82 L -50.74 0.83 L -50.79 0.76 L -50.74 0.55 L -50.68 0.64 L -50.55 0.68 L -50.68 0.62 L -50.72 0.48 L -50.7 0.36 L -50.58 0.19 L -50.41 0.16 L -50.37 0.11 L -49.65 0.24 L -49.39 0.26 L -49.39 0.18 L -49.21 0.14 L -48.98 0.19 L -48.89 0.15 L -48.89 0.22 L -48.43 0.26 L -48.37 0.3 L -48.37 0.36 L -48.46 0.58 Z|M -50.97 0.29 L -51.04 0.2 L -50.95 0.01 L -50.77 -0.05 L -50.66 0.02 L -50.63 0.1 L -50.68 0.15 L -50.92 0.33 L -50.97 0.29 Z|M -49.83 0.1 L -49.74 0 L -49.5 -0.09 L -49.35 0.01 L -49.46 0.13 L -49.72 0.15 L -49.83 0.1 Z|M -50.63 -0.07 L -50.65 -0.15 L -50.61 -0.18 L -50.49 -0.16 L -50.45 -0.13 L -50.44 0 L -50.56 0 L -50.63 -0.07 Z|M -50.09 -0.31 L -50.22 -0.25 L -50.11 -0.34 L -50.09 -0.31 Z|M -50.04 -0.3 L -49.86 -0.3 L -49.65 -0.39 L -49.53 -0.35 L -49.53 -0.3 L -49.69 -0.21 L -49.83 -0.01 L -50 0.05 L -50.1 -0.03 L -50.3 -0.01 L -50.35 -0.06 L -50.34 -0.13 L -50.37 -0.09 L -50.38 -0.13 L -50.37 -0.21 L -50.11 -0.22 L -50.04 -0.3 Z|M -50.38 -0.24 L -50.42 -0.17 L -50.52 -0.21 L -50.41 -0.42 L -50.43 -0.55 L -50.37 -0.62 L -50.32 -0.31 L -50.38 -0.24 Z|M -50.31 -0.41 L -50.26 -0.59 L -50.12 -0.57 L -50.13 -0.61 L -50.07 -0.65 L -50.04 -0.51 L -50.25 -0.36 L -50.31 -0.41 Z|M -49.48 1.66 L -49.42 1.7 L -49.51 1.74 L -49.53 1.67 L -49.48 1.66 Z,-4.44313,-52.6491,,Pará
paraiba,Paraíba,Northeast,M -34.96 6.5 L -34.94 6.77 L -34.86 6.91 L -34.91 7.13 L -34.84 6.97 L -34.79 7.18 L -34.82 7.55 L -34.98 7.51 L -35.11 7.4 L -35.27 7.38 L -35.38 7.46 L -35.49 7.45 L -35.56 7.65 L -35.86 7.76 L -35.89 7.73 L -35.86 7.8 L -35.93 7.84 L -36.07 7.83 L -36.11 7.77 L -36.17 7.82 L -36.22 7.78 L -36.27 7.82 L -36.42 7.82 L -36.45 7.91 L -36.57 7.92 L -36.65 8 L -36.65 8.12 L -36.77 8.22 L -36.95 8.28 L -37.12 8.17 L -37.15 7.98 L -37.35 7.99 L -37.17 7.77 L -37.2 7.57 L -36.99 7.48 L -37.02 7.39 L -37.25 7.27 L -37.48 7.36 L -37.55 7.48 L -37.88 7.67 L -37.96 7.77 L -38.06 7.76 L -38.08 7.82 L -38.15 7.77 L -38.19 7.82 L -38.3 7.84 L -38.35 7.7 L -38.53 7.77 L -38.71 7.61 L -38.53 7.31 L -38.55 7.24 L -38.68 7.16 L -38.74 6.91 L -38.62 6.78 L -38.65 6.68 L -38.51 6.35 L -38.29 6.5 L -38.13 6.52 L -37.84 6.34 L -37.75 6.17 L -37.22 6.03 L -37.18 6.12 L -37.38 6.36 L -37.43 6.52 L -37.51 6.55 L -37.52 6.67 L -37.3 6.71 L -37.23 6.82 L -37 6.71 L -36.81 6.76 L -36.74 6.82 L -36.77 6.93 L -36.72 6.98 L -36.54 6.88 L -36.5 6.78 L -36.53 6.64 L -36.44 6.62 L -36.51 6.41 L -36.38 6.3 L -36.29 6.31 L -36.25 6.41 L -35.96 6.46 L -35.66 6.43 L -35.31 6.53 L -34.96 6.5 Z,-7.34234,-36.2726,Parahyba,Paraíba
parana,Paraná,South,M -54.36 24.73 L -54.33 24.5 L -54.26 24.36 L -54.32 24.12 L -54.08 23.95 L -53.97 23.44 L -53.73 23.3 L -53.58 22.9 L -52.95 22.57 L -52.28 22.6 L -52.22 22.64 L -52.14 22.54 L -52.07 22.52 L -51.7 22.66 L -51.35 22.65 L -50.88 22.82 L -50.76 22.95 L -50.38 22.91 L -50.21 22.95 L -49.98 22.9 L -49.89 23.05 L -49.73 23.1 L -49.64 23.26 L -49.61 23.39 L -49.65 23.51 L -49.55 23.71 L -49.6 23.88 L -49.35 24.11 L -49.34 24.22 L -49.22 24.35 L -49.32 24.54 L -49.3 24.67 L -49.05 24.68 L -49.03 24.63 L -48.78 24.7 L -48.58 24.68 L -48.49 24.75 L -48.55 24.82 L -48.57 25.05 L -48.5 25.08 L -48.42 24.96 L -48.28 25.03 L -48.23 25.01 L -48.18 25.2 L -48.03 25.23 L -48.21 25.46 L -48.25 25.43 L -48.22 25.34 L -48.13 25.28 L -48.25 25.32 L -48.28 25.29 L -48.33 25.36 L -48.33 25.23 L -48.37 25.3 L -48.46 25.25 L -48.43 25.32 L -48.5 25.34 L -48.41 25.41 L -48.47 25.48 L -48.64 25.44 L -48.74 25.35 L -48.68 25.46 L -48.73 25.47 L -48.71 25.5 L -48.62 25.5 L -48.65 25.52 L -48.61 25.54 L -48.52 25.51 L -48.47 25.54 L -48.48 25.58 L -48.36 25.57 L -48.43 25.62 L -48.54 25.85 L -48.58 25.8 L -48.62 25.82 L -48.58 25.85 L -48.77 25.87 L -48.56 25.87 L -48.58 25.98 L -49.12 25.99 L -49.55 26.23 L -49.94 26.01 L -50.29 26.04 L -50.34 26.11 L -50.46 26.03 L -50.59 26.01 L -50.56 26.04 L -50.65 26.07 L -50.74 26.24 L -50.91 26.28 L -51.07 26.24 L -51.21 26.31 L -51.29 26.44 L -51.24 26.61 L -51.42 26.7 L -51.5 26.6 L -52.01 26.58 L -52.2 26.45 L -52.64 26.4 L -52.82 26.34 L -53.11 26.37 L -53.36 26.24 L -53.48 26.29 L -53.66 26.26 L -53.83 25.96 L -53.84 25.79 L -53.91 25.63 L -53.97 25.65 L -54 25.57 L -54.08 25.55 L -54.1 25.6 L -54.12 25.49 L -54.21 25.53 L -54.19 25.58 L -54.4 25.58 L -54.45 25.69 L -54.47 25.63 L -54.6 25.57 L -54.6 25.4 L -54.43 25.15 L -54.46 25.04 L -54.36 24.73 Z|M -48.32 25.38 L -48.26 25.35 L -48.29 25.49 L -48.32 25.38 Z,-24.6618,-51.3228,,Paraná
pernambuco,Pernambuco,Northeast,M -34.89 7.54 L -34.93 7.56 L -34.84 7.56 L -34.81 7.62 L -34.83 7.68 L -34.87 7.62 L -34.86 7.71 L -34.91 7.73 L -34.87 7.72 L -34.89 7.8 L -34.81 7.93 L -34.85 8.07 L -34.93 8.03 L -34.88 8.09 L -34.94 8.35 L -35.15 8.91 L -35.49 8.83 L -35.72 8.92 L -35.8 8.87 L -36.01 8.89 L -36.35 9.2 L -36.59 9.3 L -36.85 9.27 L -36.95 9.35 L -37.18 9.24 L -37.52 8.94 L -37.67 8.98 L -37.76 8.86 L -37.97 9.14 L -38.1 9.19 L -38.24 9.33 L -38.31 9.13 L -38.29 9.01 L -38.48 9 L -38.48 8.84 L -38.56 8.83 L -38.64 8.98 L -38.71 8.84 L -38.8 8.79 L -38.97 8.79 L -39.22 8.68 L -39.29 8.56 L -39.38 8.53 L -39.68 8.65 L -39.69 8.78 L -39.88 8.82 L -39.89 8.96 L -39.97 9.04 L -40.11 9.1 L -40.25 9.07 L -40.33 9.36 L -40.42 9.36 L -40.63 9.49 L -40.76 9.45 L -40.69 9.34 L -40.7 9.22 L -40.85 9.15 L -40.9 8.84 L -41 8.77 L -41.09 8.78 L -41.12 8.71 L -41.37 8.71 L -41.21 8.64 L -41.02 8.42 L -40.92 8.43 L -40.89 8.35 L -40.83 8.36 L -40.58 8.1 L -40.53 7.91 L -40.55 7.82 L -40.66 7.76 L -40.62 7.64 L -40.7 7.48 L -40.65 7.4 L -40.15 7.42 L -39.93 7.36 L -39.65 7.37 L -39.35 7.55 L -39.26 7.67 L -39.12 7.75 L -39.07 7.85 L -38.97 7.85 L -38.87 7.71 L -38.7 7.62 L -38.53 7.77 L -38.34 7.7 L -38.26 7.85 L -38.15 7.77 L -38.08 7.82 L -38.06 7.76 L -37.96 7.77 L -37.88 7.67 L -37.55 7.48 L -37.48 7.36 L -37.25 7.27 L -37.02 7.39 L -36.99 7.48 L -37.2 7.57 L -37.17 7.77 L -37.35 7.99 L -37.15 7.98 L -37.12 8.17 L -36.96 8.28 L -36.77 8.21 L -36.63 8.09 L -36.66 8.01 L -36.63 7.97 L -36.45 7.91 L -36.42 7.82 L -36.27 7.82 L -36.22 7.78 L -36.17 7.82 L -36.11 7.77 L -36.07 7.83 L -35.93 7.84 L -35.86 7.8 L -35.89 7.73 L -35.86 7.76 L -35.56 7.65 L -35.49 7.45 L -35.38 7.46 L -35.27 7.38 L -35.11 7.4 L -34.89 7.54 Z|M -34.85 7.7 L -34.85 7.81 L -34.88 7.8 L -34.85 7.7 Z,-8.47283,-37.2958,Pernambouc,Pernambuco
piaui,Piauí,Northeast,M -41.84 2.77 L -41.81 2.74 L -41.68 2.88 L -41.47 2.89 L -41.45 2.94 L -41.34 2.92 L -41.25 3.01 L -41.45 3.44 L -41.23 4.04 L -41.12 4.18 L -41.07 4.33 L -41.24 4.54 L -41.18 4.94 L -41.06 5.17 L -41.07 5.31 L -40.94 5.43 L -40.89 6.01 L -40.72 6.65 L -40.47 6.74 L -40.41 6.82 L -40.58 7.2 L -40.54 7.39 L -40.69 7.43 L -40.62 7.65 L -40.66 7.76 L -40.55 7.83 L -40.54 8.03 L -40.83 8.36 L -40.89 8.35 L -40.92 8.43 L -41.02 8.42 L -41.21 8.64 L -41.37 8.71 L -41.5 8.94 L -41.74 8.99 L -41.73 9.14 L -41.85 9.25 L -42.04 9.21 L -42.15 9.3 L -42.32 9.31 L -42.49 9.5 L -42.58 9.49 L -42.62 9.57 L -42.72 9.52 L -42.85 9.55 L -42.94 9.51 L -42.94 9.45 L -43.11 9.37 L -43.36 9.43 L -43.46 9.3 L -43.52 9.36 L -43.63 9.34 L -43.7 9.45 L -43.82 9.43 L -43.83 9.5 L -43.68 9.85 L -43.71 10.05 L -43.92 10.44 L -44.22 10.63 L -44.41 10.59 L -44.54 10.63 L -44.74 10.77 L -44.8 10.87 L -45.07 10.89 L -45.33 10.77 L -45.44 10.61 L -45.48 10.46 L -45.6 10.33 L -45.95 10.32 L -45.95 10.18 L -45.86 10 L -45.84 9.53 L -45.8 9.46 L -45.91 9.29 L -45.97 8.88 L -45.77 8.61 L -45.74 8.43 L -45.58 8.15 L -45.5 7.71 L -45.44 7.65 L -45.28 7.55 L -44.91 7.44 L -44.82 7.36 L -44.7 7.39 L -44.5 7.18 L -44.3 7.1 L -44.16 6.89 L -44.09 6.86 L -44.11 6.82 L -44.06 6.83 L -43.97 6.74 L -43.67 6.7 L -43.42 6.84 L -43.2 6.75 L -43 6.76 L -42.93 6.69 L -42.83 6.35 L -42.85 6.25 L -43.08 6.05 L -43.1 5.62 L -42.85 5.34 L -42.8 5.18 L -42.86 4.92 L -42.95 4.78 L -42.95 4.66 L -42.86 4.5 L -42.9 4.4 L -42.97 4.37 L -42.99 4.24 L -42.73 3.91 L -42.66 3.67 L -42.5 3.45 L -42.22 3.43 L -42.1 3.3 L -42.12 3.27 L -41.95 3.18 L -41.81 2.96 L -41.87 2.85 L -41.84 2.77 Z,-8.08698,-43.1974,Piauhy,Piauí
rio-de-janeiro,Rio de Janeiro,Southeast,M -40.97 21.27 L -40.96 21.36 L -41.07 21.52 L -41.02 21.61 L -40.97 21.99 L -41.24 22.15 L -41.67 22.28 L -41.97 22.54 L -41.99 22.7 L -41.93 22.77 L -41.87 22.75 L -41.99 22.83 L -42.01 22.98 L -42.53 22.93 L -43.03 22.97 L -43.13 22.92 L -43.09 22.92 L -43.13 22.88 L -43.03 22.74 L -43.03 22.67 L -43.08 22.67 L -43.27 22.75 L -43.15 22.93 L -43.22 23 L -43.99 23.1 L -44 23.05 L -43.89 23.02 L -43.63 23.02 L -43.73 22.94 L -43.85 22.89 L -44.03 22.97 L -44.06 22.94 L -44.12 23.02 L -44.22 23.05 L -44.25 23 L -44.35 23 L -44.31 22.96 L -44.36 22.92 L -44.46 23.01 L -44.66 23.04 L -44.7 23.11 L -44.71 23.21 L -44.63 23.2 L -44.68 23.25 L -44.62 23.23 L -44.65 23.28 L -44.58 23.23 L -44.51 23.27 L -44.58 23.35 L -44.73 23.35 L -44.86 23.23 L -44.8 23.13 L -44.79 22.98 L -44.59 22.88 L -44.27 22.82 L -44.16 22.69 L -44.22 22.59 L -44.63 22.6 L -44.76 22.43 L -44.83 22.41 L -44.43 22.25 L -44.24 22.26 L -43.78 22.06 L -43.47 22.06 L -43.33 22 L -43.13 22.02 L -43.14 22.1 L -42.31 21.74 L -42.26 21.67 L -42.37 21.63 L -42.37 21.59 L -42.1 21.01 L -42.14 20.96 L -41.98 20.92 L -41.92 20.8 L -41.86 20.78 L -41.74 20.82 L -41.71 21.11 L -41.25 21.23 L -41.07 21.21 L -40.97 21.27 Z|M -44.1 23.15 L -44.29 23.17 L -44.33 23.22 L -44.37 23.17 L -44.24 23.07 L -44.1 23.15 Z,-22.4049,-43.1152,,Rio_de_Janeiro
rio-grande-do-norte,Rio Grande do Norte,Northeast,M -37.24 4.83 L -37.18 4.91 L -36.9 4.94 L -36.79 5.05 L -36.54 5.13 L -36.58 5.08 L -36.28 5.1 L -36 5.05 L -35.51 5.14 L -35.39 5.24 L -35.26 5.48 L -35.11 6 L -35.09 6.19 L -35.12 6.16 L -35.15 6.22 L -35.1 6.19 L -35.04 6.23 L -34.96 6.5 L -35.31 6.53 L -35.66 6.43 L -35.96 6.46 L -36.25 6.41 L -36.29 6.31 L -36.38 6.3 L -36.51 6.41 L -36.44 6.62 L -36.53 6.64 L -36.5 6.78 L -36.54 6.88 L -36.72 6.98 L -36.77 6.93 L -36.74 6.82 L -36.81 6.76 L -37 6.71 L -37.23 6.82 L -37.3 6.71 L -37.52 6.67 L -37.51 6.55 L -37.43 6.52 L -37.38 6.36 L -37.18 6.12 L -37.22 6.03 L -37.75 6.17 L -37.84 6.34 L -38.13 6.52 L -38.29 6.5 L -38.48 6.4 L -38.5 6.35 L -38.6 6.4 L -38.58 6.27 L -38.48 6.11 L -38.43 6.06 L -38.3 6.07 L -38.13 5.88 L -38.05 5.61 L -37.92 5.46 L -37.72 5.06 L -37.58 4.95 L -37.24 4.83 Z|M -32.4 3.84 L -32.46 3.88 L -32.4 3.84 Z|M -29.41 -0.88 L -29.35 -0.85 L -29.41 -0.83 L -29.41 -0.88 Z,-5.66157,-36.5472,,Rio_Grande_do_Norte
rio-grande-do-sul,Rio Grande do Sul,South,M -57.51 30.28 L -57.61 30.18 L -57.33 29.98 L -57.29 29.82 L -57.11 29.77 L -57.02 29.68 L -56.69 29.33 L -56.62 29.16 L -56.43 29.07 L -56.39 28.95 L -56.3 28.88 L -56.29 28.78 L -56.04 28.61 L -56.01 28.5 L -55.9 28.47 L -55.91 28.38 L -55.84 28.35 L -55.69 28.4 L -55.66 28.33 L -55.77 28.23 L -55.6 28.12 L -55.55 28.15 L -55.51 28.08 L -55.44 28.08 L -55.31 27.91 L -55.03 27.85 L -55.08 27.78 L -54.91 27.74 L -54.9 27.62 L -54.85 27.61 L -54.81 27.53 L -54.69 27.55 L -54.59 27.45 L -54.54 27.49 L -54.45 27.46 L -54.44 27.41 L -54.37 27.45 L -54.35 27.39 L -54.29 27.43 L -54.18 27.24 L -54.09 27.29 L -53.88 27.12 L -53.84 27.17 L -53.68 27.15 L -53.65 27.22 L -53.59 27.18 L -53.5 27.19 L -53.49 27.11 L -53.45 27.14 L -53.37 27.07 L -53.28 27.11 L -53.29 27.2 L -53.18 27.18 L -53.15 27.13 L -53.09 27.16 L -53.02 27.08 L -52.99 27.22 L -52.94 27.16 L -52.93 27.2 L -52.87 27.16 L -52.7 27.27 L -52.49 27.26 L -52.46 27.22 L -52.38 27.29 L -52.25 27.25 L -52.23 27.32 L -52.18 27.27 L -51.96 27.37 L -52.01 27.39 L -51.88 27.52 L -51.86 27.48 L -51.78 27.52 L -51.78 27.49 L -51.68 27.48 L -51.56 27.52 L -51.55 27.57 L -51.47 27.56 L -51.39 27.65 L -51.35 27.63 L -51.23 27.77 L -51.08 27.82 L -50.89 28.03 L -50.87 28.13 L -50.79 28.13 L -50.62 28.37 L -50.16 28.48 L -50.13 28.44 L -50.04 28.48 L -49.87 28.45 L -49.82 28.5 L -49.76 28.47 L -49.71 28.53 L -49.7 28.61 L -49.78 28.61 L -49.92 28.72 L -50 29.1 L -50.07 29.09 L -50.16 29.19 L -50.17 29.28 L -50.05 29.35 L -50.09 29.25 L -49.95 29.19 L -49.71 29.32 L -50.05 29.81 L -50.32 30.46 L -50.6 30.88 L -51.15 31.48 L -51.56 31.78 L -51.86 31.93 L -52.08 32.17 L -52.06 31.99 L -52.01 31.95 L -52.09 31.83 L -51.84 31.85 L -51.83 31.8 L -51.67 31.77 L -51.5 31.57 L -51.45 31.61 L -51.42 31.49 L -51.38 31.53 L -51.24 31.46 L -51.16 31.29 L -51.16 31.08 L -51.01 31.06 L -50.98 31.13 L -50.94 31.09 L -50.99 31.05 L -50.98 30.89 L -50.76 30.82 L -50.69 30.73 L -50.73 30.36 L -50.65 30.39 L -50.61 30.49 L -50.57 30.45 L -50.54 30.27 L -50.61 30.19 L -50.68 30.22 L -50.67 30.29 L -50.91 30.32 L -50.94 30.43 L -51.03 30.38 L -51.02 30.26 L -51.23 30.19 L -51.24 30.04 L -51.28 30.01 L -51.33 30.22 L -51.28 30.22 L -51.29 30.27 L -51.24 30.31 L -51.2 30.29 L -51.19 30.36 L -51.09 30.35 L -51.25 30.46 L -51.27 30.78 L -51.31 30.77 L -51.32 30.64 L -51.38 30.64 L -51.36 30.88 L -51.46 30.89 L -51.49 30.97 L -51.44 31.08 L -51.62 31.14 L -51.64 31.26 L -51.96 31.33 L -52.01 31.65 L -52.08 31.56 L -52.06 31.67 L -52.22 31.74 L -52.25 31.86 L -52.13 31.93 L -52.24 31.97 L -52.26 32.05 L -52.21 32.09 L -52.08 32.03 L -52.17 32.1 L -52.09 32.07 L -52.09 32.17 L -52.25 32.28 L -52.64 33.14 L -52.82 33.32 L -53.38 33.74 L -53.54 33.65 L -53.54 33.17 L -53.48 33.07 L -53.33 32.97 L -53.3 32.89 L -53.11 32.72 L -53.56 32.45 L -53.64 32.36 L -53.76 32.06 L -54.05 31.89 L -54.15 31.91 L -54.27 31.82 L -54.46 31.67 L -54.5 31.57 L -54.6 31.46 L -54.85 31.43 L -55.03 31.27 L -55.09 31.33 L -55.24 31.24 L -55.37 31.04 L -55.59 30.85 L -55.85 31.07 L -56.01 31.08 L -56.01 30.8 L -56.22 30.58 L -56.83 30.1 L -57.08 30.11 L -57.21 30.29 L -57.51 30.28 Z,-29.7277,-53.656,,Rio_Grande_do_Sul
rondonia,Rondônia,North,M -65.39 10.39 L -65.28 10.21 L -65.34 9.97 L -65.3 9.84 L -65.4 9.69 L -65.45 9.68 L -65.58 9.84 L -65.79 9.73 L -65.81 9.78 L -66.09 9.78 L -66.65 9.92 L -66.83 9.84 L -66.49 9.62 L -66.39 9.51 L -66.4 9.41 L -65.95 9.4 L -65.75 9.57 L -65.56 9.41 L -65.45 9.45 L -65.21 9.25 L -65.16 9.4 L -65.08 9.43 L -64.91 9.22 L -64.92 9.11 L -64.78 8.99 L -64.6 9.03 L -64.37 8.94 L -64.12 8.96 L -64.13 8.69 L -64.01 8.68 L -63.92 8.54 L -63.99 8.43 L -63.9 8.32 L -63.74 8.28 L -63.74 8.2 L -63.58 8.16 L -63.54 8 L -62.83 8.02 L -62.68 8.11 L -62.54 8.36 L -62.38 8.37 L -62.3 8.58 L -62.18 8.6 L -62.12 8.78 L -61.91 8.87 L -61.84 8.74 L -61.72 8.69 L -61.62 8.71 L -61.61 8.77 L -61.51 8.85 L -61.49 8.91 L -61.56 9.1 L -61.53 9.22 L -61.59 9.24 L -61.61 9.32 L -61.48 9.63 L -61.56 9.73 L -61.52 9.87 L -61.58 10.13 L -61.47 10.43 L -61.5 10.69 L -61.47 10.72 L -61.52 10.79 L -61.52 10.97 L -60.44 11 L -60.37 11.11 L -60.29 11.08 L -60 11.14 L -59.91 11.38 L -60.1 11.6 L -60.1 11.74 L -60.07 11.89 L -59.98 11.92 L -59.9 12.1 L -59.82 12.41 L -60.04 12.88 L -60.27 13.06 L -60.38 13.42 L -60.73 13.66 L -60.9 13.55 L -61.02 13.54 L -61.05 13.46 L -61.15 13.52 L -61.35 13.49 L -61.5 13.55 L -61.6 13.51 L -61.84 13.54 L -61.87 13.46 L -62.11 13.25 L -62.11 13.15 L -62.42 13.13 L -62.47 13.07 L -62.64 13.03 L -62.69 12.96 L -62.79 13 L -62.93 12.85 L -62.99 12.84 L -63.08 12.65 L -63.14 12.63 L -63.32 12.7 L -63.49 12.56 L -63.8 12.45 L -63.92 12.54 L -64.22 12.47 L -64.29 12.5 L -64.49 12.37 L -64.49 12.24 L -64.66 12.18 L -64.69 12.1 L -64.74 12.14 L -64.79 12.03 L -65 12 L -65.07 11.75 L -65.11 11.69 L -65.15 11.77 L -65.2 11.74 L -65.17 11.62 L -65.22 11.52 L -65.32 11.48 L -65.35 11.38 L -65.33 11.33 L -65.39 11.28 L -65.36 11.22 L -65.39 11.15 L -65.3 10.98 L -65.33 10.85 L -65.4 10.8 L -65.38 10.7 L -65.44 10.63 L -65.45 10.47 L -65.39 10.39 Z,-10.9712,-63.1439,Guaporé,Rondônia
roraima,Roraima,North,M -60.21 -5.27 L -60.13 -5.24 L -59.98 -5.09 L -60.03 -4.73 L -60.16 -4.53 L -59.81 -4.47 L -59.69 -4.38 L -59.74 -4.2 L -59.65 -4.13 L -59.66 -4.08 L -59.6 -3.97 L -59.53 -3.94 L -59.69 -3.69 L -59.86 -3.58 L -59.82 -3.36 L -59.97 -3.04 L -60 -2.67 L -59.9 -2.36 L -59.74 -2.26 L -59.76 -1.88 L -59.65 -1.84 L -59.68 -1.76 L -59.53 -1.7 L -59.26 -1.39 L -58.97 -1.31 L -58.87 -0.23 L -60.05 -0.21 L -60.22 0.05 L -60.39 0.46 L -60.31 0.69 L -60.48 0.75 L -60.52 0.83 L -60.74 0.85 L -60.93 0.55 L -61.22 0.49 L -61.53 0.73 L -61.62 1.28 L -61.6 1.42 L -61.76 1.36 L -61.85 1.39 L -62.03 1.14 L -62.2 1.05 L -62.51 0.77 L -62.5 0.69 L -62.39 0.72 L -62.3 0.61 L -62.38 0.31 L -62.59 0.01 L -62.53 -0.1 L -62.57 -0.25 L -62.48 -0.52 L -62.54 -0.71 L -62.45 -0.8 L -62.62 -1.4 L -62.79 -1.6 L -62.71 -1.73 L -62.7 -1.94 L -62.85 -2.02 L -63.03 -2.03 L -63.15 -2.18 L -63.33 -2.18 L -63.39 -2.24 L -63.36 -2.41 L -64.05 -2.47 L -64 -2.71 L -64.22 -3.12 L -64.25 -3.42 L -64.2 -3.59 L -64.64 -3.97 L -64.81 -4.25 L -64.7 -4.26 L -64.59 -4.12 L -64.36 -4.15 L -64.17 -4.12 L -64.04 -3.88 L -63.88 -3.95 L -63.67 -3.95 L -63.51 -3.85 L -63.43 -3.97 L -63.35 -3.96 L -63 -3.6 L -62.89 -3.56 L -62.75 -3.66 L -62.77 -4.02 L -62.56 -4.04 L -62.54 -4.13 L -62.43 -4.18 L -62.15 -4.09 L -62.04 -4.16 L -61.89 -4.15 L -61.76 -4.25 L -61.55 -4.25 L -61.5 -4.4 L -61.29 -4.45 L -61.32 -4.52 L -61.17 -4.49 L -60.98 -4.53 L -60.9 -4.71 L -60.72 -4.78 L -60.59 -4.95 L -60.66 -5.17 L -60.74 -5.2 L -60.45 -5.17 L -60.21 -5.27 Z,1.93803,-61.3325,Rio Branco,Roraima
santa-catarina,Santa Catarina,South,M -53.73 26.55 L -53.72 26.38 L -53.66 26.26 L -53.48 26.29 L -53.36 26.24 L -53.11 26.37 L -52.82 26.34 L -52.64 26.4 L -52.19 26.45 L -52.01 26.58 L -51.5 26.6 L -51.42 26.7 L -51.24 26.61 L -51.29 26.44 L -51.21 26.31 L -51.07 26.24 L -50.91 26.28 L -50.74 26.24 L -50.65 26.07 L -50.56 26.04 L -50.59 26.01 L -50.46 26.03 L -50.34 26.11 L -50.29 26.04 L -49.94 26.01 L -49.55 26.23 L -49.12 25.99 L -48.58 25.98 L -48.58 26.17 L -48.67 26.24 L -48.73 26.22 L -48.8 26.09 L -48.76 26.2 L -48.76 26.29 L -48.8 26.3 L -48.61 26.44 L -48.68 26.66 L -48.68 26.73 L -48.58 26.78 L -48.63 26.86 L -48.62 26.98 L -48.58 27.02 L -48.61 27.1 L -48.58 27.16 L -48.52 27.12 L -48.48 27.15 L -48.49 27.22 L -48.54 27.18 L -48.62 27.25 L -48.55 27.39 L -48.65 27.48 L -48.58 27.58 L -48.65 27.65 L -48.57 27.86 L -48.64 28.23 L -48.77 28.49 L -48.79 28.37 L -48.86 28.32 L -48.85 28.48 L -48.75 28.51 L -48.82 28.61 L -48.94 28.65 L -49.34 28.92 L -49.71 29.32 L -49.95 29.19 L -50.09 29.25 L -50.03 29.31 L -50.05 29.36 L -50.16 29.3 L -50.17 29.2 L -50.07 29.09 L -50 29.1 L -49.92 28.72 L -49.78 28.61 L -49.7 28.61 L -49.76 28.47 L -50.05 28.48 L -50.13 28.44 L -50.16 28.48 L -50.54 28.42 L -50.62 28.37 L -50.79 28.13 L -50.87 28.13 L -50.89 28.03 L -51.08 27.82 L -51.23 27.77 L -51.35 27.63 L -51.39 27.65 L -51.47 27.56 L -51.55 27.57 L -51.56 27.52 L -51.68 27.48 L -51.78 27.49 L -51.78 27.52 L -51.86 27.48 L -51.88 27.52 L -52.01 27.39 L -51.96 27.37 L -52.18 27.27 L -52.23 27.32 L -52.25 27.25 L -52.38 27.29 L -52.46 27.22 L -52.49 27.26 L -52.7 27.27 L -52.87 27.16 L -52.93 27.2 L -52.94 27.16 L -52.99 27.22 L -53.02 27.08 L -53.09 27.16 L -53.15 27.13 L -53.18 27.18 L -53.29 27.2 L -53.28 27.11 L -53.37 27.07 L -53.45 27.14 L -53.49 27.11 L -53.52 27.2 L -53.59 27.18 L -53.65 27.22 L -53.68 27.15 L -53.84 27.17 L -53.71 26.9 L -53.77 26.71 L -53.73 26.55 Z|M -48.43 27.4 L -48.38 27.44 L -48.41 27.58 L -48.5 27.7 L -48.49 27.77 L -48.56 27.82 L -48.55 27.58 L -48.5 27.56 L -48.54 27.48 L -48.43 27.4 Z|M -48.54 26.34 L -48.58 26.42 L -48.7 26.31 L -48.55 26.17 L -48.49 26.24 L -48.54 26.34 Z,-27.0392,-51.1586,Santa Catharina,Santa_Catarina
sao-paulo,São Paulo,Southeast,M -44.73 23.35 L -44.84 23.39 L -44.92 23.35 L -45.04 23.41 L -45.01 23.46 L -45.07 23.52 L -45.15 23.49 L -45.2 23.57 L -45.41 23.62 L -45.39 23.78 L -45.43 23.83 L -45.86 23.76 L -46.15 23.84 L -46.24 23.91 L -46.11 23.86 L -46.17 23.98 L -46.29 24.02 L -46.3 23.93 L -46.39 23.87 L -46.41 23.93 L -46.45 23.93 L -46.38 24.02 L -46.94 24.27 L -47.02 24.42 L -47.05 24.41 L -47.18 24.53 L -47.63 24.76 L -47.96 25.05 L -48.01 25.04 L -47.97 25.01 L -48.05 25.04 L -47.95 25.08 L -47.89 25.06 L -47.95 25.2 L -48.08 25.31 L -48.03 25.23 L -48.18 25.2 L -48.23 25.01 L -48.28 25.03 L -48.42 24.96 L -48.5 25.08 L -48.57 25.05 L -48.55 24.82 L -48.49 24.75 L -48.58 24.68 L -48.78 24.7 L -49.03 24.63 L -49.05 24.68 L -49.3 24.67 L -49.32 24.54 L -49.22 24.35 L -49.34 24.22 L -49.35 24.11 L -49.6 23.88 L -49.55 23.71 L -49.65 23.51 L -49.61 23.39 L -49.64 23.26 L -49.73 23.1 L -49.89 23.05 L -49.98 22.9 L -50.21 22.95 L -50.38 22.91 L -50.76 22.95 L -50.88 22.82 L -51.35 22.65 L -51.7 22.66 L -52.07 22.52 L -52.14 22.54 L -52.22 22.64 L -52.28 22.6 L -52.95 22.57 L -53.17 22.7 L -52.97 22.46 L -52.84 22.42 L -52.37 22.1 L -52.3 21.92 L -52.04 21.67 L -52.1 21.52 L -51.98 21.48 L -51.87 21.34 L -51.87 21.14 L -51.63 20.88 L -51.58 20.6 L -51.33 20.36 L -51.09 20.26 L -50.89 20.01 L -50.66 19.92 L -50.56 19.81 L -50.46 19.78 L -50.34 19.87 L -49.27 19.97 L -49.24 19.99 L -49.29 20.03 L -49.3 20.14 L -49.22 20.29 L -49.15 20.3 L -49.04 20.14 L -49 20.15 L -48.97 20.4 L -48.9 20.44 L -48.87 20.41 L -48.89 20.26 L -48.82 20.15 L -48.4 20.11 L -48.24 20.14 L -48.22 20.01 L -48.07 20.15 L -48.01 20.11 L -47.99 20.03 L -47.93 20.11 L -47.88 20.1 L -47.85 19.98 L -47.72 19.98 L -47.64 20.04 L -47.47 19.96 L -47.44 20.04 L -47.23 20.21 L -47.29 20.44 L -47.15 20.53 L -47.11 20.64 L -47.22 20.91 L -47.15 20.98 L -47.13 21.12 L -47.05 21.2 L -47 21.4 L -46.65 21.37 L -46.51 21.45 L -46.52 21.6 L -46.67 21.81 L -46.62 21.99 L -46.7 22.07 L -46.6 22.13 L -46.71 22.31 L -46.65 22.4 L -46.39 22.53 L -46.4 22.63 L -46.48 22.67 L -46.36 22.76 L -46.35 22.86 L -46.15 22.85 L -46.12 22.89 L -45.91 22.82 L -45.86 22.86 L -45.79 22.85 L -45.73 22.74 L -45.81 22.71 L -45.71 22.64 L -45.73 22.59 L -45.65 22.59 L -45.66 22.65 L -45.58 22.62 L -45.52 22.65 L -45.45 22.6 L -45.4 22.65 L -45.06 22.47 L -44.8 22.41 L -44.63 22.6 L -44.22 22.59 L -44.16 22.68 L -44.27 22.82 L -44.59 22.88 L -44.79 22.98 L -44.8 23.13 L -44.86 23.23 L -44.73 23.35 Z|M -47.52 24.7 L -47.45 24.69 L -47.9 25.04 L -47.83 24.91 L -47.52 24.7 Z|M -46.33 23.93 L -46.29 23.99 L -46.42 23.95 L -46.33 23.93 Z|M -45.21 23.91 L -45.24 23.97 L -45.29 23.91 L -45.42 23.94 L -45.45 23.89 L -45.31 23.72 L -45.23 23.77 L -45.27 23.87 L -45.21 23.91 Z,-22.2267,-48.5206,,São_Paulo
sergipe,Sergipe,Northeast,M -36.41 10.5 L -36.58 10.55 L -36.9 10.77 L -37.14 11.13 L -37.28 11.02 L -37.17 11.11 L -37.15 11.19 L -37.26 11.28 L -37.33 11.42 L -37.4 11.4 L -37.27 11.25 L -37.34 11.18 L -37.32 11.27 L -37.35 11.25 L -37.42 11.41 L -37.47 11.36 L -37.4 11.44 L -37.43 11.49 L -37.54 11.54 L -37.63 11.52 L -37.67 11.57 L -37.8 11.52 L -37.85 11.44 L -38 11.38 L -37.99 11.22 L -38.06 11.17 L -38.11 11.03 L -38.24 10.87 L -38.19 10.72 L -38 10.76 L -37.78 10.63 L -37.84 10.42 L -37.78 10.1 L -38.03 9.75 L -38.02 9.54 L -37.36 9.77 L -37.22 9.9 L -36.98 9.97 L -36.93 10.12 L -36.73 10.26 L -36.62 10.25 L -36.57 10.41 L -36.45 10.41 L -36.41 10.5 Z,-10.5918,-37.3836,,Sergipe
tocantins,Tocantins,North,M -45.76 10.33 L -45.84 10.46 L -46.3 10.76 L -46.23 10.9 L -46.37 10.97 L -46.57 11.32 L -46.44 11.5 L -46.09 11.6 L -46.1 11.67 L -46.28 11.76 L -46.26 11.84 L -46.16 11.84 L -46.07 11.91 L -46.34 12.11 L -46.32 12.42 L -46.16 12.5 L -46.23 12.8 L -46.3 12.83 L -46.59 12.89 L -46.78 13.05 L -47.09 13.1 L -47.53 13.3 L -47.66 13.1 L -47.73 13.17 L -47.67 13.36 L -48.17 13.18 L -48.17 13.06 L -48.39 13.19 L -48.64 13.16 L -48.68 13.33 L -48.74 13.39 L -48.8 12.93 L -49.01 12.74 L -49 12.65 L -49.14 12.73 L -49.4 13.25 L -49.68 13.18 L -50.26 12.92 L -50.27 12.77 L -50.13 12.46 L -50.15 12.4 L -50.35 12.54 L -50.48 12.84 L -50.6 12.8 L -50.68 12.61 L -50.61 12.43 L -50.68 12.04 L -50.64 11.89 L -50.71 11.75 L -50.65 11.6 L -50.74 11.5 L -50.61 11.06 L -50.6 10.66 L -50.41 10.3 L -50.38 10.1 L -50.15 9.7 L -50.05 9.32 L -49.76 8.92 L -49.57 8.81 L -49.38 8.44 L -49.3 8.37 L -49.16 7.8 L -49.35 7.68 L -49.39 7.55 L -49.19 7.25 L -49.22 6.93 L -49.01 6.78 L -48.68 6.66 L -48.61 6.44 L -48.5 6.35 L -48.38 6.36 L -48.42 6.16 L -48.28 6.1 L -48.33 5.98 L -48.22 5.91 L -48.3 5.75 L -48.19 5.7 L -48.14 5.63 L -48.21 5.54 L -48.3 5.52 L -48.38 5.39 L -48.56 5.41 L -48.72 5.36 L -48.68 5.31 L -48.6 5.32 L -48.5 5.19 L -48.34 5.16 L -48.11 5.27 L -47.9 5.25 L -47.84 5.38 L -47.72 5.39 L -47.5 5.53 L -47.38 6.28 L -47.49 6.7 L -47.5 6.98 L -47.64 7.16 L -47.74 7.19 L -47.64 7.31 L -47.59 7.27 L -47.49 7.3 L -47.49 7.38 L -47.59 7.45 L -47.5 7.45 L -47.47 7.53 L -47.41 7.53 L -47.02 8.04 L -46.6 7.9 L -46.49 7.96 L -46.47 8.07 L -46.54 8.31 L -46.49 8.39 L -46.72 8.41 L -46.83 8.47 L -46.92 8.74 L -46.9 8.83 L -47.08 9.03 L -46.89 9.1 L -46.81 9.36 L -46.54 9.51 L -46.67 9.75 L -46.5 9.87 L -46.47 10.01 L -46.35 10.17 L -46.09 10.21 L -45.95 10.32 L -45.76 10.33 Z,-10.223,-48.2502,,Tocantins
