id,name,region,paths,latitude,longitude,name_alternates
aichi,Aichi,Chubu,"M 137.47 -34.67 L 137.02 -34.58 L 137.07 -34.66 L 137.11 -34.63 L 137.34 -34.73 L 137.28 -34.81 L 137.19 -34.81 L 137.17 -34.76 L 137.02 -34.78 L 136.96 -34.83 L 136.98 -34.92 L 136.92 -34.78 L 136.97 -34.7 L 136.86 -34.74 L 136.82 -34.95 L 136.89 -35.09 L 136.85 -35.04 L 136.83 -35.08 L 136.84 -35.03 L 136.75 -35.03 L 136.67 -35.14 L 136.68 -35.24 L 136.76 -35.35 L 136.95 -35.38 L 137.17 -35.24 L 137.29 -35.27 L 137.42 -35.22 L 137.55 -35.27 L 137.58 -35.19 L 137.81 -35.19 L 137.62 -34.88 L 137.49 -34.81 L 137.47 -34.67 Z|M 136.8 -34.88 L 136.82 -34.84 L 136.8 -34.88 Z",34.9973,137.214,"Aichi Prefecture|Aiti"
akita,Akita,Tohoku,M 139.88 -39.12 L 140.05 -39.5 L 140.06 -39.73 L 139.97 -39.88 L 139.76 -39.86 L 139.7 -39.99 L 139.82 -39.96 L 139.98 -40.13 L 140.02 -40.36 L 139.94 -40.43 L 140.41 -40.48 L 140.53 -40.41 L 140.65 -40.41 L 140.85 -40.5 L 140.94 -40.47 L 140.96 -40.37 L 140.84 -40.07 L 140.87 -39.88 L 140.78 -39.84 L 140.83 -39.78 L 140.79 -39.72 L 140.81 -39.64 L 140.66 -39.39 L 140.8 -39.17 L 140.75 -39.11 L 140.8 -39.05 L 140.76 -38.95 L 140.54 -38.87 L 140.34 -39 L 139.88 -39.12 Z,39.7318,140.334,Akita Prefecture
aomori,Aomori,Tohoku,M 139.94 -40.43 L 139.94 -40.54 L 139.86 -40.61 L 140.05 -40.77 L 140.12 -40.74 L 140.26 -40.8 L 140.32 -41.03 L 140.37 -40.99 L 140.41 -41.03 L 140.25 -41.12 L 140.32 -41.15 L 140.34 -41.27 L 140.46 -41.18 L 140.55 -41.23 L 140.63 -41.19 L 140.7 -40.85 L 140.8 -40.84 L 140.85 -40.88 L 140.84 -40.95 L 140.89 -41.01 L 141.13 -40.87 L 141.23 -40.99 L 141.28 -41.16 L 141.21 -41.26 L 141.16 -41.28 L 141.06 -41.18 L 140.77 -41.15 L 140.91 -41.54 L 141.28 -41.35 L 141.46 -41.43 L 141.39 -41.16 L 141.42 -40.73 L 141.49 -40.56 L 141.68 -40.45 L 141.55 -40.36 L 141.3 -40.36 L 141 -40.21 L 140.93 -40.24 L 140.95 -40.46 L 140.87 -40.5 L 140.65 -40.41 L 140.53 -40.41 L 140.41 -40.48 L 139.94 -40.43 Z,40.6385,140.769,Aomori Prefecture
chiba,Chiba,Kanto,M 140.86 -35.74 L 140.86 -35.69 L 140.66 -35.69 L 140.48 -35.57 L 140.39 -35.38 L 140.39 -35.2 L 140.32 -35.13 L 140.13 -35.12 L 139.99 -35.02 L 139.93 -34.91 L 139.84 -34.9 L 139.76 -34.96 L 139.87 -35 L 139.82 -35.16 L 139.87 -35.25 L 139.78 -35.32 L 139.89 -35.36 L 139.9 -35.42 L 140.1 -35.57 L 139.98 -35.67 L 139.86 -35.63 L 139.87 -35.87 L 139.75 -36.08 L 139.81 -36.08 L 139.97 -35.91 L 140.13 -35.85 L 140.55 -35.89 L 140.86 -35.74 Z,35.489,140.318,"Chiba Prefecture|Tiba|Tsiba"
ehime,Ehime,Shikoku,"M 132.64 -32.91 L 132.56 -32.94 L 132.5 -32.89 L 132.47 -33.04 L 132.38 -33.02 L 132.41 -33.07 L 132.48 -33.07 L 132.45 -33.11 L 132.49 -33.13 L 132.39 -33.2 L 132.49 -33.17 L 132.55 -33.23 L 132.48 -33.28 L 132.53 -33.31 L 132.38 -33.32 L 132.42 -33.44 L 132.31 -33.46 L 132.01 -33.35 L 132.41 -33.53 L 132.68 -33.72 L 132.71 -33.9 L 132.75 -33.91 L 132.77 -34 L 132.92 -34.07 L 132.9 -34.12 L 132.94 -34.14 L 133.13 -33.93 L 133.65 -34.01 L 133.65 -33.86 L 133.18 -33.77 L 133 -33.48 L 132.81 -33.44 L 132.88 -33.32 L 132.69 -33.12 L 132.62 -33.15 L 132.68 -32.96 L 132.64 -32.91 Z|M 133 -34.21 L 132.95 -34.2 L 132.97 -34.25 L 133.03 -34.3 L 133.05 -34.22 L 133 -34.21 Z|M 132.64 -34.01 L 132.59 -33.96 L 132.64 -34.01 Z|M 133.09 -34.17 L 133.02 -34.12 L 133.03 -34.19 L 133.09 -34.17 Z",33.8141,132.916,Ehime Prefecture
fukui,Fukui,Chubu,M 135.48 -35.54 L 135.56 -35.49 L 135.65 -35.54 L 135.65 -35.48 L 135.74 -35.5 L 135.71 -35.56 L 135.83 -35.53 L 135.81 -35.64 L 135.98 -35.63 L 135.96 -35.73 L 136.02 -35.77 L 136.07 -35.66 L 136.1 -35.78 L 135.99 -35.89 L 135.96 -36 L 136.12 -36.25 L 136.23 -36.29 L 136.32 -36.17 L 136.72 -36.07 L 136.7 -35.93 L 136.8 -35.85 L 136.76 -35.78 L 136.48 -35.74 L 136.32 -35.76 L 136.26 -35.65 L 136.13 -35.66 L 136.15 -35.57 L 136.08 -35.51 L 135.93 -35.5 L 135.88 -35.38 L 135.74 -35.34 L 135.52 -35.37 L 135.45 -35.45 L 135.48 -35.54 Z,35.9297,136.316,"Fukui Prefecture|Hukui"
fukuoka,Fukuoka,Kyushu,M 130.04 -33.46 L 130.17 -33.53 L 130.09 -33.57 L 130.21 -33.67 L 130.29 -33.57 L 130.39 -33.6 L 130.4 -33.67 L 130.35 -33.64 L 130.29 -33.69 L 130.39 -33.68 L 130.47 -33.74 L 130.49 -33.86 L 130.69 -33.94 L 130.83 -33.94 L 130.9 -33.89 L 131.01 -33.97 L 130.96 -33.82 L 131.01 -33.81 L 131.08 -33.63 L 131.2 -33.61 L 131.15 -33.5 L 130.98 -33.5 L 130.89 -33.43 L 130.84 -33.34 L 130.83 -33.08 L 130.69 -33.14 L 130.43 -32.98 L 130.42 -33.09 L 130.35 -33.18 L 130.53 -33.34 L 130.53 -33.41 L 130.41 -33.39 L 130.26 -33.47 L 130.04 -33.46 Z,33.4906,130.616,"Fukuoka Prefecture|Hukuoka"
fukushima,Fukushima,Tohoku,M 140.93 -37.89 L 141.02 -37.73 L 141.04 -37.38 L 140.96 -36.97 L 140.8 -36.85 L 140.57 -36.93 L 140.56 -36.86 L 140.45 -36.79 L 140.24 -36.92 L 140.18 -37.06 L 139.92 -37.14 L 139.36 -36.9 L 139.22 -36.93 L 139.24 -37.14 L 139.16 -37.23 L 139.21 -37.35 L 139.19 -37.42 L 139.55 -37.51 L 139.54 -37.62 L 139.72 -37.82 L 139.93 -37.81 L 140.12 -37.72 L 140.27 -37.78 L 140.27 -37.96 L 140.65 -37.88 L 140.76 -37.77 L 140.85 -37.8 L 140.86 -37.88 L 140.93 -37.89 Z,37.4153,140.099,"Fukushima Prefecture|Hukusima"
gifu,Gifu,Chubu,M 137.28 -36.45 L 137.57 -36.38 L 137.62 -36.31 L 137.54 -36.12 L 137.58 -36.03 L 137.32 -35.8 L 137.44 -35.73 L 137.59 -35.5 L 137.6 -35.38 L 137.55 -35.27 L 137.42 -35.22 L 137.29 -35.27 L 137.17 -35.24 L 136.95 -35.38 L 136.76 -35.35 L 136.68 -35.24 L 136.67 -35.14 L 136.53 -35.23 L 136.4 -35.2 L 136.4 -35.45 L 136.26 -35.65 L 136.3 -35.74 L 136.77 -35.79 L 136.8 -35.85 L 136.7 -35.94 L 136.82 -36.24 L 136.77 -36.29 L 136.85 -36.34 L 136.94 -36.33 L 136.96 -36.27 L 137.15 -36.43 L 137.28 -36.45 Z,35.8522,136.941,"Gifu Prefecture|Gihu"
gunma,Gunma,Kanto,M 139.09 -37.04 L 139.22 -36.93 L 139.36 -36.9 L 139.31 -36.64 L 139.45 -36.57 L 139.34 -36.36 L 139.44 -36.27 L 139.61 -36.25 L 139.67 -36.15 L 139.11 -36.27 L 139.03 -36.14 L 138.7 -35.97 L 138.61 -36.03 L 138.57 -36.15 L 138.62 -36.38 L 138.39 -36.43 L 138.4 -36.57 L 138.51 -36.69 L 138.79 -36.76 L 138.96 -36.9 L 138.97 -36.97 L 139.09 -37.04 Z,36.5592,139.025,Gunma Prefecture
hiroshima,Hiroshima,Chugoku,"M 133.44 -34.47 L 133.28 -34.32 L 133.31 -34.37 L 133.25 -34.43 L 133.19 -34.28 L 133.08 -34.26 L 133.07 -34.32 L 133.17 -34.36 L 133.09 -34.39 L 133.06 -34.33 L 132.84 -34.31 L 132.77 -34.24 L 132.66 -34.2 L 132.55 -34.19 L 132.52 -34.35 L 132.38 -34.37 L 132.22 -34.24 L 132.24 -34.19 L 132.13 -34.25 L 132.04 -34.5 L 132.14 -34.71 L 132.25 -34.78 L 132.67 -34.84 L 132.64 -34.89 L 132.84 -35.07 L 132.99 -35.08 L 133.26 -35.05 L 133.3 -35 L 133.44 -34.47 Z|M 132.56 -34.07 L 132.46 -34.09 L 132.52 -34.17 L 132.58 -34.12 L 132.56 -34.07 Z|M 132.74 -34.2 L 132.74 -34.16 L 132.69 -34.19 L 132.74 -34.2 Z|M 132.92 -34.28 L 132.92 -34.22 L 132.85 -34.22 L 132.92 -34.28 Z|M 132.34 -34.3 L 132.27 -34.24 L 132.34 -34.3 Z",34.6067,132.853,"Hiroshima Prefecture|Hirosima"
hokkaido,Hokkaidō,Hokkaido,"M 143.9 -44.16 L 143.81 -44.17 L 143.9 -44.16 Z|M 145.77 -43.39 L 145.82 -43.36 L 145.63 -43.31 L 145.53 -43.17 L 145.14 -43.13 L 145.12 -43.09 L 145.17 -43.08 L 145 -43.04 L 145.01 -42.99 L 144.9 -42.98 L 144.8 -43.05 L 144.74 -42.98 L 144.78 -42.93 L 144.74 -42.92 L 144.46 -42.94 L 144.32 -43 L 143.89 -42.84 L 143.58 -42.6 L 143.35 -42.32 L 143.33 -42.11 L 143.24 -41.93 L 142.96 -42.11 L 142.46 -42.27 L 142.17 -42.46 L 141.82 -42.6 L 141.64 -42.62 L 141.43 -42.56 L 140.98 -42.3 L 140.93 -42.33 L 140.99 -42.34 L 140.73 -42.56 L 140.5 -42.58 L 140.33 -42.43 L 140.29 -42.26 L 140.55 -42.11 L 140.71 -42.13 L 140.97 -41.91 L 141.2 -41.8 L 141.01 -41.71 L 140.82 -41.77 L 140.71 -41.75 L 140.73 -41.81 L 140.66 -41.83 L 140.6 -41.74 L 140.45 -41.68 L 140.43 -41.53 L 140.27 -41.48 L 140.21 -41.4 L 140.04 -41.44 L 139.98 -41.58 L 140.13 -41.81 L 140.15 -41.98 L 139.8 -42.24 L 139.77 -42.31 L 139.84 -42.42 L 139.83 -42.59 L 139.88 -42.66 L 140.04 -42.69 L 140.2 -42.81 L 140.28 -42.76 L 140.52 -43 L 140.49 -43.08 L 140.34 -43.21 L 140.36 -43.33 L 140.49 -43.37 L 140.8 -43.2 L 141.01 -43.23 L 141.02 -43.17 L 141.17 -43.14 L 141.3 -43.2 L 141.42 -43.32 L 141.44 -43.41 L 141.36 -43.52 L 141.39 -43.58 L 141.34 -43.71 L 141.39 -43.79 L 141.64 -43.94 L 141.66 -44.28 L 141.75 -44.42 L 141.8 -44.64 L 141.75 -44.89 L 141.59 -45.16 L 141.58 -45.25 L 141.65 -45.34 L 141.65 -45.44 L 141.69 -45.4 L 141.82 -45.42 L 141.92 -45.52 L 142.22 -45.3 L 142.98 -44.59 L 143.41 -44.32 L 143.78 -44.19 L 143.68 -44.18 L 143.73 -44.11 L 144.12 -44.13 L 144.17 -44.11 L 144.11 -44.03 L 144.15 -44.02 L 144.24 -44.12 L 144.38 -43.96 L 144.74 -43.91 L 145.2 -44.21 L 145.34 -44.35 L 145.37 -44.25 L 145.14 -43.95 L 145.07 -43.77 L 145.22 -43.59 L 145.31 -43.37 L 145.39 -43.31 L 145.26 -43.33 L 145.52 -43.23 L 145.5 -43.27 L 145.58 -43.34 L 145.77 -43.39 Z|M 139.55 -42.24 L 139.51 -42.1 L 139.45 -42.05 L 139.42 -42.19 L 139.55 -42.24 Z|M 145.31 -43.59 L 145.36 -43.55 L 145.28 -43.52 L 145.33 -43.57 L 145.2 -43.61 L 145.31 -43.59 Z|M 141.33 -45.17 L 141.25 -45.1 L 141.15 -45.15 L 141.13 -45.21 L 141.2 -45.25 L 141.33 -45.17 Z|M 141.05 -45.45 L 141.04 -45.26 L 140.97 -45.46 L 141.05 -45.45 Z|M 139.37 -41.52 L 139.34 -41.5 L 139.37 -41.52 Z",43.37,142.805,"Ezo|Yeso|Yezo"
hyogo,Hyōgo,Kinki,"M 134.37 -35.6 L 134.54 -35.67 L 134.86 -35.66 L 134.91 -35.51 L 135.04 -35.5 L 135.04 -35.39 L 134.93 -35.38 L 134.93 -35.3 L 135.15 -35.24 L 135.2 -35.17 L 135.39 -35.1 L 135.34 -35.02 L 135.44 -34.9 L 135.44 -34.72 L 135.05 -34.62 L 134.7 -34.78 L 134.49 -34.79 L 134.42 -34.73 L 134.3 -34.71 L 134.26 -35 L 134.39 -35.14 L 134.4 -35.23 L 134.51 -35.27 L 134.37 -35.6 Z|M 135 -34.61 L 135.03 -34.58 L 134.9 -34.37 L 134.96 -34.27 L 134.73 -34.19 L 134.72 -34.25 L 134.66 -34.29 L 134.68 -34.33 L 135 -34.61 Z",35.063,134.837,"Hyōgo Prefecture|Hiogo"
ibaraki,Ibaraki,Kanto,M 140.8 -36.85 L 140.62 -36.51 L 140.62 -36.36 L 140.56 -36.28 L 140.65 -36.01 L 140.86 -35.73 L 140.55 -35.89 L 140.13 -35.85 L 139.97 -35.91 L 139.81 -36.08 L 139.69 -36.13 L 139.65 -36.2 L 139.78 -36.23 L 139.95 -36.36 L 140.18 -36.41 L 140.24 -36.52 L 140.22 -36.68 L 140.27 -36.72 L 140.24 -36.92 L 140.45 -36.79 L 140.56 -36.86 L 140.57 -36.93 L 140.8 -36.85 Z,36.2773,140.257,Ibaraki Prefecture
ishikawa,Ishikawa,Chubu,"M 136.23 -36.29 L 136.43 -36.43 L 136.76 -36.87 L 136.73 -37.13 L 136.67 -37.15 L 136.75 -37.36 L 137.11 -37.49 L 137.34 -37.52 L 137.36 -37.45 L 137.25 -37.43 L 137.23 -37.29 L 137.11 -37.28 L 137.01 -37.18 L 136.95 -37.23 L 136.89 -37.17 L 136.86 -37.08 L 136.98 -37.05 L 137.05 -37.1 L 137.05 -36.97 L 136.89 -36.93 L 136.78 -36.72 L 136.76 -36.32 L 136.82 -36.24 L 136.72 -36.07 L 136.32 -36.17 L 136.23 -36.29 Z|M 137.05 -37.15 L 136.95 -37.1 L 136.91 -37.14 L 137.05 -37.15 Z",36.5654,136.677,"Ishikawa Prefecture|Isikawa"
iwate,Iwate,Tohoku,M 141.68 -40.45 L 141.84 -40.23 L 141.81 -40.18 L 141.88 -40.14 L 141.84 -40.07 L 141.95 -40 L 142.01 -39.75 L 141.96 -39.61 L 142.04 -39.64 L 142.07 -39.55 L 141.95 -39.46 L 142.04 -39.48 L 142.04 -39.42 L 141.91 -39.33 L 141.98 -39.33 L 141.9 -39.28 L 141.95 -39.25 L 141.88 -39.21 L 141.92 -39.17 L 141.84 -39.15 L 141.91 -39.1 L 141.82 -39.09 L 141.87 -39.06 L 141.82 -39.06 L 141.85 -39.02 L 141.73 -39.04 L 141.72 -38.95 L 141.69 -39 L 141.5 -38.99 L 141.44 -38.81 L 141.32 -38.81 L 141.23 -38.75 L 141.13 -38.8 L 141.13 -38.86 L 140.76 -38.95 L 140.8 -39.05 L 140.75 -39.11 L 140.8 -39.17 L 140.66 -39.39 L 140.81 -39.64 L 140.79 -39.72 L 140.83 -39.78 L 140.78 -39.84 L 140.87 -39.88 L 140.86 -40.18 L 140.93 -40.24 L 141.01 -40.21 L 141.3 -40.36 L 141.55 -40.36 L 141.68 -40.45 Z,39.5715,141.364,Iwate Prefecture
kagawa,Kagawa,Shikoku,"M 133.59 -34.02 L 133.65 -34.17 L 133.56 -34.26 L 133.7 -34.23 L 133.94 -34.38 L 134.08 -34.35 L 134.14 -34.39 L 134.17 -34.32 L 134.22 -34.36 L 134.44 -34.21 L 134.4 -34.15 L 134.17 -34.16 L 133.98 -34.07 L 133.83 -34.09 L 133.66 -34 L 133.59 -34.02 Z|M 134.37 -34.55 L 134.35 -34.43 L 134.32 -34.47 L 134.24 -34.42 L 134.24 -34.46 L 134.16 -34.48 L 134.18 -34.52 L 134.37 -34.55 Z|M 133.72 -34.4 L 133.7 -34.35 L 133.72 -34.4 Z|M 134.05 -34.47 L 134.1 -34.49 L 134.05 -34.47 Z",34.2162,134.001,Kagawa Prefecture
kagoshima,Kagoshima,Kyushu,"M 129.78 -31.8 L 129.8 -31.75 L 129.73 -31.64 L 129.66 -31.64 L 129.78 -31.8 Z|M 131.15 -31.47 L 131.06 -31.44 L 131.01 -31.36 L 131.1 -31.33 L 131.07 -31.28 L 131.13 -31.28 L 131.01 -31.22 L 130.94 -31.12 L 130.66 -31 L 130.66 -31.07 L 130.74 -31.12 L 130.8 -31.34 L 130.7 -31.46 L 130.7 -31.55 L 130.59 -31.59 L 130.69 -31.62 L 130.75 -31.56 L 130.81 -31.65 L 130.78 -31.71 L 130.69 -31.73 L 130.61 -31.68 L 130.52 -31.45 L 130.57 -31.31 L 130.66 -31.27 L 130.64 -31.19 L 130.54 -31.16 L 130.45 -31.25 L 130.22 -31.25 L 130.21 -31.34 L 130.12 -31.41 L 130.23 -31.38 L 130.32 -31.49 L 130.34 -31.61 L 130.17 -31.79 L 130.19 -31.84 L 130.24 -31.82 L 130.18 -32.09 L 130.25 -32.13 L 130.3 -32.11 L 130.34 -32.16 L 130.42 -32.11 L 130.61 -32.16 L 130.87 -31.89 L 130.89 -31.79 L 130.97 -31.76 L 131.05 -31.64 L 131.19 -31.59 L 131.15 -31.47 Z|M 129.71 -29.65 L 129.75 -29.65 L 129.72 -29.61 L 129.71 -29.65 Z|M 129.89 -29.87 L 129.92 -29.82 L 129.84 -29.85 L 129.89 -29.87 Z|M 130.67 -30.37 L 130.6 -30.25 L 130.49 -30.23 L 130.44 -30.24 L 130.38 -30.39 L 130.5 -30.47 L 130.67 -30.37 Z|M 131.05 -30.84 L 131.09 -30.78 L 131.06 -30.61 L 130.98 -30.52 L 130.96 -30.37 L 130.87 -30.34 L 130.85 -30.47 L 130.93 -30.54 L 130.94 -30.67 L 131.05 -30.84 Z|M 130.22 -30.47 L 130.26 -30.44 L 130.21 -30.42 L 130.14 -30.49 L 130.22 -30.47 Z|M 129.94 -29.97 L 129.91 -30 L 129.94 -29.97 Z|M 129.95 -30.84 L 129.9 -30.83 L 129.95 -30.84 Z|M 129.93 -31.87 L 129.89 -31.81 L 129.82 -31.85 L 129.93 -31.87 Z",29.4572,129.601,Kagoshima Prefecture
kanagawa,Kanagawa,Kanto,M 139.79 -35.51 L 139.64 -35.45 L 139.69 -35.43 L 139.64 -35.4 L 139.65 -35.3 L 139.75 -35.25 L 139.67 -35.19 L 139.66 -35.13 L 139.62 -35.13 L 139.62 -35.21 L 139.54 -35.31 L 139.41 -35.32 L 139.18 -35.26 L 139.15 -35.24 L 139.16 -35.14 L 139.03 -35.14 L 138.97 -35.23 L 138.99 -35.38 L 138.9 -35.38 L 139.09 -35.51 L 139.12 -35.65 L 139.4 -35.56 L 139.46 -35.49 L 139.49 -35.56 L 139.45 -35.6 L 139.53 -35.61 L 139.79 -35.51 Z,35.4378,139.344,Kanagawa Prefecture
kochi,Kōchi,Shikoku,"M 134.3 -33.53 L 134.18 -33.24 L 133.93 -33.49 L 133.74 -33.54 L 133.47 -33.45 L 133.44 -33.4 L 133.27 -33.35 L 133.23 -33.16 L 133.1 -33.02 L 133.02 -33.02 L 132.96 -32.81 L 133.03 -32.72 L 132.92 -32.78 L 132.63 -32.75 L 132.71 -32.91 L 132.64 -32.91 L 132.67 -33 L 132.61 -33.15 L 132.69 -33.12 L 132.88 -33.3 L 132.81 -33.44 L 133 -33.48 L 133.18 -33.77 L 133.56 -33.85 L 133.91 -33.78 L 134.02 -33.81 L 134.06 -33.68 L 134.16 -33.66 L 134.19 -33.55 L 134.3 -33.53 Z|M 132.56 -32.74 L 132.55 -32.7 L 132.56 -32.74 Z",33.6129,133.442,"Kōchi Prefecture|Koti"
kumamoto,Kumamoto,Kyushu,"M 130.34 -32.16 L 130.47 -32.35 L 130.51 -32.34 L 130.55 -32.49 L 130.6 -32.51 L 130.56 -32.55 L 130.67 -32.65 L 130.45 -32.62 L 130.63 -32.71 L 130.59 -32.82 L 130.44 -32.92 L 130.43 -32.98 L 130.69 -33.14 L 130.98 -33.03 L 131.01 -33.08 L 130.98 -33.16 L 131.12 -33.14 L 131.32 -32.82 L 131.24 -32.79 L 131 -32.49 L 131.09 -32.31 L 131.05 -32.25 L 131.08 -32.16 L 130.71 -32.09 L 130.59 -32.16 L 130.42 -32.11 L 130.34 -32.16 Z|M 130.15 -32.2 L 130.19 -32.18 L 130.15 -32.11 L 130.11 -32.19 L 130.15 -32.2 Z|M 130.41 -32.51 L 130.47 -32.51 L 130.36 -32.37 L 130.35 -32.42 L 130.24 -32.4 L 130.21 -32.44 L 130.36 -32.53 L 130.41 -32.51 Z|M 130.16 -32.55 L 130.2 -32.34 L 130 -32.19 L 130.01 -32.25 L 129.96 -32.25 L 130.06 -32.31 L 129.98 -32.33 L 130.03 -32.48 L 130 -32.53 L 130.16 -32.55 Z|M 130.24 -32.3 L 130.21 -32.26 L 130.24 -32.3 Z|M 130.45 -32.6 L 130.43 -32.54 L 130.4 -32.59 L 130.45 -32.6 Z",32.588,130.834,Kumamoto Prefecture
kyoto,Kyōto,Kinki,M 134.86 -35.66 L 134.93 -35.64 L 135.23 -35.77 L 135.31 -35.67 L 135.19 -35.55 L 135.25 -35.59 L 135.24 -35.54 L 135.34 -35.51 L 135.32 -35.45 L 135.4 -35.48 L 135.34 -35.54 L 135.46 -35.6 L 135.45 -35.45 L 135.52 -35.37 L 135.74 -35.34 L 135.83 -35.26 L 135.81 -35 L 135.86 -34.88 L 135.99 -34.81 L 136.03 -34.7 L 135.75 -34.73 L 135.58 -34.95 L 135.54 -34.91 L 135.34 -35.01 L 135.4 -35.06 L 135.38 -35.11 L 135.2 -35.17 L 135.15 -35.25 L 134.94 -35.29 L 134.93 -35.38 L 135.04 -35.39 L 135.04 -35.5 L 134.91 -35.51 L 134.86 -35.66 Z,35.2117,135.451,"Kyōto Prefecture|Kioto"
mie,Mie,Kinki,"M 136.75 -35.03 L 136.66 -34.98 L 136.52 -34.68 L 136.55 -34.6 L 136.92 -34.43 L 136.92 -34.38 L 136.88 -34.37 L 136.91 -34.36 L 136.9 -34.27 L 136.79 -34.25 L 136.85 -34.31 L 136.7 -34.3 L 136.71 -34.33 L 136.34 -34.18 L 136.31 -34.09 L 136.22 -34.08 L 136.27 -33.97 L 136.23 -33.99 L 136.23 -33.94 L 136.1 -33.89 L 135.99 -33.69 L 135.95 -33.7 L 135.85 -33.84 L 136.02 -34 L 136.1 -34.01 L 136.12 -34.24 L 136.07 -34.39 L 136.21 -34.49 L 136.06 -34.56 L 136.04 -34.64 L 136.07 -34.66 L 136 -34.77 L 136.08 -34.8 L 136.11 -34.87 L 136.24 -34.86 L 136.38 -34.93 L 136.44 -35.13 L 136.4 -35.2 L 136.53 -35.23 L 136.67 -35.14 L 136.75 -35.03 Z|M 136.89 -34.53 L 136.85 -34.52 L 136.89 -34.53 Z",34.5679,136.386,"Mie Prefecture|Miye"
miyagi,Miyagi,Tohoku,M 141.64 -38.97 L 141.67 -38.85 L 141.59 -38.88 L 141.59 -38.82 L 141.52 -38.77 L 141.57 -38.7 L 141.46 -38.66 L 141.54 -38.63 L 141.47 -38.57 L 141.55 -38.52 L 141.47 -38.43 L 141.55 -38.39 L 141.5 -38.37 L 141.53 -38.27 L 141.43 -38.38 L 141.33 -38.41 L 141.2 -38.39 L 141.17 -38.32 L 141.13 -38.37 L 141.08 -38.36 L 141.05 -38.31 L 141.08 -38.29 L 140.99 -38.21 L 140.93 -38.05 L 140.93 -37.89 L 140.85 -37.88 L 140.85 -37.8 L 140.78 -37.77 L 140.69 -37.8 L 140.65 -37.88 L 140.27 -37.96 L 140.28 -38.05 L 140.45 -38.15 L 140.47 -38.28 L 140.59 -38.45 L 140.53 -38.63 L 140.6 -38.66 L 140.62 -38.76 L 140.53 -38.88 L 140.82 -38.95 L 141.13 -38.86 L 141.13 -38.8 L 141.23 -38.75 L 141.32 -38.81 L 141.44 -38.81 L 141.5 -38.99 L 141.64 -38.97 Z,38.5307,140.972,Miyagi Prefecture
miyazaki,Miyazaki,Kyushu,M 131.87 -32.73 L 131.68 -32.54 L 131.74 -32.49 L 131.66 -32.48 L 131.69 -32.42 L 131.63 -32.4 L 131.56 -32.22 L 131.45 -31.88 L 131.5 -31.8 L 131.46 -31.62 L 131.36 -31.42 L 131.33 -31.37 L 131.25 -31.39 L 131.15 -31.47 L 131.19 -31.59 L 131.05 -31.64 L 130.97 -31.76 L 130.89 -31.79 L 130.87 -31.89 L 130.7 -32.07 L 131.08 -32.16 L 131.05 -32.25 L 131.09 -32.31 L 131 -32.49 L 131.26 -32.8 L 131.48 -32.81 L 131.54 -32.74 L 131.7 -32.77 L 131.76 -32.82 L 131.87 -32.73 Z,32.0981,131.286,Miyazaki Prefecture
nagano,Nagano,Chubu,M 138.68 -36.73 L 138.5 -36.68 L 138.38 -36.47 L 138.44 -36.4 L 138.61 -36.4 L 138.63 -36.32 L 138.57 -36.15 L 138.72 -35.9 L 138.62 -35.85 L 138.36 -35.96 L 138.18 -35.79 L 138.2 -35.63 L 138.14 -35.55 L 138.11 -35.36 L 137.81 -35.19 L 137.57 -35.19 L 137.59 -35.5 L 137.44 -35.73 L 137.32 -35.8 L 137.58 -36.03 L 137.54 -36.12 L 137.62 -36.31 L 137.57 -36.38 L 137.72 -36.59 L 137.73 -36.77 L 137.8 -36.8 L 137.87 -36.92 L 137.99 -36.9 L 138.04 -36.81 L 138.26 -36.85 L 138.37 -36.98 L 138.5 -37.02 L 138.56 -37 L 138.67 -36.84 L 138.68 -36.73 Z,36.0666,138.019,Nagano Prefecture
nagasaki,Nagasaki,Prefecture,"M 130.2 -32.94 L 130.11 -32.88 L 130.34 -32.86 L 130.38 -32.75 L 130.34 -32.67 L 130.17 -32.59 L 130.13 -32.68 L 130.21 -32.75 L 130.09 -32.79 L 129.96 -32.76 L 129.89 -32.66 L 129.74 -32.57 L 129.86 -32.72 L 129.64 -32.93 L 129.68 -33.09 L 129.76 -33.05 L 129.74 -32.99 L 129.77 -33.02 L 129.82 -32.98 L 129.79 -32.87 L 130 -32.85 L 129.93 -32.93 L 129.95 -33.02 L 129.88 -33.06 L 129.75 -33.07 L 129.76 -33.14 L 129.71 -33.16 L 129.67 -33.1 L 129.65 -33.19 L 129.55 -33.23 L 129.58 -33.37 L 129.67 -33.4 L 129.7 -33.35 L 129.81 -33.35 L 129.76 -33.27 L 129.93 -33.13 L 129.93 -33.07 L 130.06 -32.97 L 130.2 -32.94 Z|M 128.88 -32.67 L 128.9 -32.64 L 128.78 -32.65 L 128.77 -32.57 L 128.6 -32.61 L 128.65 -32.67 L 128.66 -32.78 L 128.7 -32.74 L 128.81 -32.8 L 128.88 -32.67 Z|M 129.1 -32.99 L 129.18 -32.98 L 129.06 -32.82 L 129.03 -32.93 L 128.98 -32.95 L 129.05 -32.98 L 129.05 -33.04 L 129.08 -33.02 L 129.11 -33.17 L 129.1 -32.99 Z|M 129.56 -33.41 L 129.49 -33.25 L 129.34 -33.18 L 129.35 -33.21 L 129.41 -33.19 L 129.38 -33.21 L 129.44 -33.35 L 129.56 -33.41 Z|M 129.78 -33.77 L 129.8 -33.75 L 129.72 -33.7 L 129.66 -33.74 L 129.69 -33.87 L 129.77 -33.84 L 129.78 -33.77 Z|M 129.31 -34.28 L 129.35 -34.29 L 129.28 -34.13 L 129.17 -34.11 L 129.21 -34.33 L 129.31 -34.28 Z|M 129.45 -34.62 L 129.46 -34.55 L 129.36 -34.41 L 129.4 -34.34 L 129.34 -34.3 L 129.31 -34.38 L 129.29 -34.34 L 129.23 -34.36 L 129.31 -34.46 L 129.28 -34.46 L 129.33 -34.54 L 129.29 -34.57 L 129.32 -34.65 L 129.46 -34.7 L 129.49 -34.64 L 129.45 -34.62 Z|M 128.9 -32.82 L 128.88 -32.77 L 128.84 -32.78 L 128.84 -32.83 L 128.9 -32.82 Z|M 128.95 -32.87 L 128.95 -32.8 L 128.88 -32.86 L 128.95 -32.87 Z|M 129.03 -32.9 L 129.02 -32.85 L 128.97 -32.87 L 128.98 -32.93 L 129.03 -32.9 Z|M 129.14 -33.3 L 129.13 -33.25 L 129.08 -33.26 L 129.14 -33.3 Z|M 129.56 -33.49 L 129.5 -33.47 L 129.56 -33.49 Z",32.6745,128.755,Nagasaki Prefecture
nara,Nara,Kinki,M 136.04 -34.72 L 136.06 -34.56 L 136.21 -34.49 L 136.07 -34.39 L 136.12 -34.24 L 136.1 -34.02 L 136.02 -34 L 135.85 -33.84 L 135.79 -33.88 L 135.62 -33.86 L 135.54 -34.06 L 135.64 -34.19 L 135.71 -34.21 L 135.62 -34.55 L 135.71 -34.76 L 135.83 -34.7 L 136.04 -34.72 Z,34.2815,135.877,Nara Prefecture
niigata,Niigata,Chubu,"M 137.61 -36.98 L 138.1 -37.17 L 138.24 -37.18 L 138.55 -37.38 L 138.75 -37.6 L 138.86 -37.83 L 139.22 -37.99 L 139.43 -38.15 L 139.47 -38.41 L 139.55 -38.55 L 139.7 -38.49 L 139.71 -38.39 L 139.86 -38.31 L 139.84 -38.24 L 139.68 -38.19 L 139.62 -37.91 L 139.72 -37.82 L 139.54 -37.62 L 139.55 -37.51 L 139.19 -37.42 L 139.21 -37.35 L 139.16 -37.23 L 139.24 -37.14 L 139.21 -36.95 L 139.08 -37.04 L 138.97 -36.97 L 138.9 -36.84 L 138.68 -36.73 L 138.67 -36.84 L 138.54 -37.01 L 138.37 -36.98 L 138.26 -36.85 L 138.04 -36.81 L 137.99 -36.9 L 137.87 -36.92 L 137.8 -36.8 L 137.73 -36.77 L 137.69 -36.91 L 137.61 -36.98 Z|M 138.46 -38.07 L 138.58 -38.07 L 138.5 -37.91 L 138.22 -37.8 L 138.34 -37.97 L 138.23 -38.01 L 138.31 -38.17 L 138.51 -38.32 L 138.46 -38.07 Z",37.5471,139.005,Niigata Prefecture
oita,Ōita,Kyushu,M 131.2 -33.61 L 131.37 -33.57 L 131.52 -33.68 L 131.67 -33.67 L 131.74 -33.48 L 131.71 -33.41 L 131.64 -33.42 L 131.6 -33.35 L 131.51 -33.36 L 131.51 -33.27 L 131.9 -33.27 L 131.81 -33.13 L 132.01 -33.06 L 131.93 -33.05 L 131.9 -32.98 L 132.08 -32.94 L 131.98 -32.89 L 131.96 -32.83 L 132 -32.81 L 131.88 -32.78 L 131.87 -32.73 L 131.75 -32.82 L 131.7 -32.77 L 131.53 -32.74 L 131.48 -32.81 L 131.36 -32.8 L 131.26 -32.87 L 131.21 -33.03 L 131.06 -33.18 L 130.97 -33.15 L 130.99 -33.03 L 130.83 -33.08 L 130.84 -33.34 L 130.89 -33.43 L 130.98 -33.5 L 131.15 -33.5 L 131.2 -33.61 Z,33.2006,131.449,Ōita Prefecture
okayama,Okayama,Chugoku,M 134.3 -34.71 L 134.21 -34.73 L 134.28 -34.7 L 134.15 -34.6 L 133.94 -34.59 L 133.94 -34.56 L 134.05 -34.58 L 133.94 -34.45 L 133.79 -34.44 L 133.72 -34.53 L 133.47 -34.42 L 133.52 -34.48 L 133.44 -34.47 L 133.26 -35.05 L 133.4 -35.16 L 133.5 -35.18 L 133.59 -35.32 L 133.82 -35.24 L 133.99 -35.33 L 134.11 -35.26 L 134.17 -35.16 L 134.4 -35.23 L 134.39 -35.14 L 134.26 -35 L 134.3 -34.71 Z,34.8521,133.831,Okayama Prefecture
okinawa,Okinawa,Okinawa,"M 123.81 -24.39 L 123.93 -24.37 L 123.87 -24.26 L 123.67 -24.3 L 123.74 -24.32 L 123.77 -24.42 L 123.81 -24.39 Z|M 123 -24.47 L 122.94 -24.44 L 123 -24.47 Z|M 124.33 -24.58 L 124.24 -24.36 L 124.14 -24.34 L 124.08 -24.44 L 124.21 -24.45 L 124.33 -24.58 Z|M 125.39 -24.78 L 125.44 -24.74 L 125.26 -24.73 L 125.26 -24.89 L 125.39 -24.78 Z|M 131.26 -25.87 L 131.25 -25.82 L 131.21 -25.83 L 131.26 -25.87 Z|M 126.81 -26.35 L 126.79 -26.3 L 126.7 -26.37 L 126.81 -26.35 Z|M 128.34 -26.8 L 128.31 -26.7 L 128.16 -26.62 L 128.14 -26.55 L 127.85 -26.44 L 127.92 -26.31 L 127.83 -26.32 L 127.77 -26.22 L 127.82 -26.19 L 127.8 -26.14 L 127.65 -26.08 L 127.64 -26.21 L 127.74 -26.32 L 127.72 -26.43 L 127.96 -26.56 L 127.89 -26.62 L 127.88 -26.69 L 128.06 -26.64 L 128.23 -26.8 L 128.26 -26.89 L 128.34 -26.8 Z|M 128.7 -27.45 L 128.61 -27.36 L 128.53 -27.37 L 128.54 -27.42 L 128.7 -27.45 Z|M 128.99 -27.81 L 129.02 -27.76 L 128.93 -27.69 L 128.89 -27.89 L 128.95 -27.91 L 128.99 -27.81 Z|M 129.3 -28.12 L 129.35 -28.11 L 129.32 -28.08 L 129.22 -28.1 L 129.18 -28.19 L 129.27 -28.17 L 129.3 -28.12 Z|M 130.03 -28.37 L 130 -28.29 L 129.91 -28.3 L 130.03 -28.37 Z|M 129.71 -28.46 L 129.72 -28.43 L 129.45 -28.29 L 129.42 -28.25 L 129.47 -28.22 L 129.35 -28.16 L 129.38 -28.12 L 129.27 -28.23 L 129.15 -28.25 L 129.27 -28.26 L 129.29 -28.28 L 129.23 -28.3 L 129.26 -28.33 L 129.48 -28.42 L 129.52 -28.39 L 129.63 -28.48 L 129.64 -28.44 L 129.67 -28.51 L 129.71 -28.46 Z|M 127.81 -26.74 L 127.76 -26.71 L 127.81 -26.74 Z|M 128 -27.09 L 127.93 -27.01 L 128 -27.09 Z|M 131.29 -25.95 L 131.33 -25.94 L 131.29 -25.95 Z|M 128.45 -27.05 L 128.4 -27.04 L 128.45 -27.05 Z|M 125.2 -24.85 L 125.21 -24.8 L 125.14 -24.82 L 125.2 -24.85 Z|M 127.37 -26.21 L 127.35 -26.15 L 127.37 -26.21 Z|M 123.55 -25.76 L 123.51 -25.76 L 123.55 -25.76 Z",24.3349,123.802,Okinawa Prefecture
osaka,Ōsaka,Kinki,"M 135.09 -34.3 L 135.26 -34.38 L 135.41 -34.54 L 135.44 -34.9 L 135.36 -35 L 135.65 -34.9 L 135.71 -34.79 L 135.62 -34.55 L 135.67 -34.38 L 135.19 -34.27 L 135.09 -34.3 Z|M 135.21 -34.43 L 135.26 -34.44 L 135.21 -34.43 Z",34.5993,135.519,Ōsaka Prefecture
saga,Saga,Prefecture,M 129.81 -33.33 L 129.85 -33.28 L 129.87 -33.4 L 129.79 -33.45 L 129.82 -33.48 L 129.87 -33.44 L 129.85 -33.55 L 129.94 -33.53 L 129.99 -33.45 L 130.26 -33.47 L 130.41 -33.39 L 130.52 -33.42 L 130.54 -33.38 L 130.38 -33.24 L 130.35 -33.14 L 130.24 -33.19 L 130.13 -33.12 L 130.2 -32.94 L 130.06 -32.97 L 129.93 -33.07 L 129.93 -33.13 L 129.76 -33.27 L 129.81 -33.33 Z,33.0097,130.147,Saga Prefecture
saitama,Saitama,Kanto,M 139.11 -36.27 L 139.67 -36.15 L 139.87 -35.89 L 139.86 -35.78 L 139.41 -35.75 L 139.01 -35.88 L 138.87 -35.84 L 138.72 -35.9 L 138.74 -36.02 L 139.03 -36.14 L 139.11 -36.27 Z,36.0173,139.287,Saitama Prefecture
shiga,Shiga,Kinki,M 136.26 -35.65 L 136.4 -35.45 L 136.38 -35.23 L 136.44 -35.13 L 136.41 -34.97 L 136.31 -34.88 L 136.11 -34.87 L 136.08 -34.8 L 136 -34.77 L 135.86 -34.88 L 135.81 -35 L 135.83 -35.26 L 135.74 -35.34 L 135.88 -35.38 L 135.93 -35.5 L 135.98 -35.48 L 136.14 -35.56 L 136.13 -35.66 L 136.26 -35.65 Z,35.1832,136.093,"Shiga Prefecture|Siga"
shimane,Shimane,Chugoku,"M 133.12 -36.11 L 133.08 -36.02 L 133.12 -36.11 Z|M 133.07 -36.13 L 133.04 -36.06 L 132.95 -36.06 L 133.07 -36.13 Z|M 131.68 -34.67 L 131.86 -34.71 L 132.41 -35.18 L 132.64 -35.29 L 132.67 -35.39 L 132.64 -35.44 L 132.97 -35.52 L 133.09 -35.6 L 133.33 -35.57 L 133.2 -35.52 L 133.33 -35.41 L 133.29 -35.27 L 133.16 -35.21 L 133.13 -35.07 L 132.85 -35.07 L 132.64 -34.89 L 132.67 -34.84 L 132.25 -34.78 L 132.14 -34.71 L 131.95 -34.31 L 131.77 -34.31 L 131.77 -34.42 L 131.68 -34.45 L 131.68 -34.67 Z|M 133.01 -36.01 L 133.08 -35.99 L 133.01 -36.01 Z|M 133.37 -36.27 L 133.38 -36.21 L 133.33 -36.16 L 133.19 -36.22 L 133.21 -36.3 L 133.29 -36.34 L 133.37 -36.27 Z",35.0972,132.603,"Shimane Prefecture|Simane"
shizuoka,Shizuoka,Chubu,M 139.09 -35.12 L 139.08 -35.05 L 139.14 -34.87 L 139 -34.73 L 138.99 -34.65 L 138.84 -34.6 L 138.75 -34.69 L 138.79 -34.91 L 138.76 -34.98 L 138.79 -35.03 L 138.91 -35.03 L 138.8 -35.12 L 138.7 -35.14 L 138.55 -35.1 L 138.5 -35.03 L 138.51 -34.98 L 138.35 -34.9 L 138.34 -34.83 L 138.22 -34.71 L 138.19 -34.64 L 138.23 -34.59 L 137.97 -34.67 L 137.47 -34.67 L 137.49 -34.81 L 137.62 -34.88 L 137.81 -35.19 L 138.12 -35.37 L 138.14 -35.55 L 138.2 -35.63 L 138.24 -35.52 L 138.24 -35.3 L 138.34 -35.29 L 138.42 -35.17 L 138.51 -35.19 L 138.56 -35.42 L 138.7 -35.35 L 138.99 -35.38 L 138.97 -35.2 L 139.09 -35.12 Z,35.0359,138.306,"Shizuoka Prefecture|Sizuoka"
tochigi,Tochigi,Kanto,M 139.44 -36.27 L 139.34 -36.38 L 139.45 -36.57 L 139.31 -36.64 L 139.36 -36.9 L 139.89 -37.14 L 140.19 -37.05 L 140.23 -36.99 L 140.27 -36.72 L 140.22 -36.68 L 140.24 -36.52 L 140.17 -36.4 L 139.95 -36.36 L 139.7 -36.2 L 139.44 -36.27 Z,36.6593,139.786,"Tochigi Prefecture|Totigi"
tokushima,Tokushima,Shikoku,M 134.44 -34.21 L 134.65 -34.24 L 134.6 -34.01 L 134.7 -33.94 L 134.65 -33.85 L 134.75 -33.83 L 134.4 -33.65 L 134.3 -33.53 L 134.19 -33.55 L 134.16 -33.66 L 134.06 -33.68 L 134.02 -33.81 L 133.91 -33.78 L 133.65 -33.86 L 133.66 -34 L 133.83 -34.09 L 133.98 -34.07 L 134.17 -34.16 L 134.41 -34.16 L 134.44 -34.21 Z,33.8546,134.2,"Tokushima Prefecture|Tokusima"
tokyo,Tokyo,Kanto,"M 139.86 -35.63 L 139.79 -35.6 L 139.77 -35.65 L 139.79 -35.51 L 139.54 -35.61 L 139.45 -35.6 L 139.49 -35.56 L 139.46 -35.49 L 139.4 -35.56 L 139.04 -35.7 L 138.92 -35.84 L 139.01 -35.88 L 139.41 -35.75 L 139.86 -35.78 L 139.86 -35.63 Z|M 141.36 -24.79 L 141.29 -24.73 L 141.3 -24.79 L 141.36 -24.79 Z|M 142.19 -26.65 L 142.16 -26.63 L 142.11 -26.72 L 142.19 -26.65 Z|M 142.19 -27.09 L 142.23 -27.09 L 142.23 -27.05 L 142.19 -27.09 Z|M 139.79 -33.14 L 139.88 -33.09 L 139.84 -33.04 L 139.74 -33.12 L 139.79 -33.14 Z|M 139.49 -34.06 L 139.52 -34.11 L 139.58 -34.09 L 139.53 -34.04 L 139.49 -34.06 Z|M 139.27 -34.4 L 139.3 -34.4 L 139.27 -34.32 L 139.27 -34.4 Z|M 139.42 -34.78 L 139.45 -34.68 L 139.35 -34.72 L 139.36 -34.8 L 139.42 -34.78 Z|M 141.29 -25.42 L 141.27 -25.45 L 141.29 -25.42 Z|M 142.19 -27.15 L 142.19 -27.19 L 142.19 -27.15 Z|M 139.62 -33.89 L 139.58 -33.86 L 139.62 -33.89 Z",35.6578,139.407,"Edo|Yedo|Tokio|T¢quio"
tottori,Tottori,Chugoku,M 133.26 -35.54 L 133.26 -35.5 L 133.4 -35.45 L 133.58 -35.53 L 134.03 -35.52 L 134.37 -35.6 L 134.51 -35.27 L 134.45 -35.22 L 134.17 -35.16 L 134.11 -35.26 L 133.99 -35.33 L 133.82 -35.24 L 133.59 -35.32 L 133.5 -35.18 L 133.4 -35.16 L 133.36 -35.1 L 133.26 -35.05 L 133.13 -35.07 L 133.16 -35.21 L 133.3 -35.28 L 133.33 -35.42 L 133.2 -35.52 L 133.26 -35.54 Z,35.3657,133.819,Tottori Prefecture
toyama,Toyama,Chubu,M 137.04 -36.96 L 137.01 -36.84 L 137.2 -36.76 L 137.33 -36.76 L 137.43 -36.92 L 137.5 -36.96 L 137.61 -36.98 L 137.68 -36.93 L 137.73 -36.62 L 137.62 -36.42 L 137.57 -36.38 L 137.28 -36.45 L 137.16 -36.44 L 136.96 -36.27 L 136.94 -36.33 L 136.85 -36.34 L 136.77 -36.29 L 136.78 -36.72 L 136.89 -36.93 L 137.04 -36.96 Z,36.596,137.246,Toyama Prefecture
wakayama,Wakayama,Kinki,M 135.99 -33.69 L 135.95 -33.58 L 135.76 -33.43 L 135.77 -33.48 L 135.44 -33.55 L 135.33 -33.67 L 135.39 -33.71 L 135.23 -33.78 L 135.12 -33.89 L 135.06 -33.88 L 135.08 -33.98 L 135.16 -34.02 L 135.09 -34.07 L 135.12 -34.14 L 135.19 -34.15 L 135.07 -34.29 L 135.65 -34.37 L 135.71 -34.21 L 135.64 -34.19 L 135.54 -34.06 L 135.61 -33.98 L 135.6 -33.88 L 135.82 -33.87 L 135.99 -33.69 Z,33.93,135.401,Wakayama Prefecture
yamagata,Yamagata,Tohoku,M 139.55 -38.55 L 139.77 -38.82 L 139.88 -39.12 L 140.02 -39.11 L 140.41 -38.98 L 140.62 -38.76 L 140.6 -38.66 L 140.53 -38.63 L 140.59 -38.45 L 140.47 -38.28 L 140.45 -38.15 L 140.28 -38.05 L 140.27 -37.8 L 140.21 -37.74 L 140.1 -37.72 L 139.93 -37.81 L 139.72 -37.82 L 139.63 -37.88 L 139.69 -38.2 L 139.79 -38.21 L 139.87 -38.29 L 139.71 -38.39 L 139.7 -38.49 L 139.55 -38.55 Z,38.4024,140.084,Yamagata Prefecture
yamaguchi,Yamaguchi,Chugoku,"M 132.24 -34.19 L 132.21 -33.99 L 132.14 -33.94 L 132.16 -33.84 L 132.06 -33.78 L 132.1 -33.87 L 131.85 -34 L 131.78 -33.97 L 131.82 -34.03 L 131.74 -34.06 L 131.59 -34.04 L 131.58 -33.99 L 131.48 -34.03 L 131.44 -33.98 L 131.39 -33.99 L 131.39 -34.04 L 131.26 -33.92 L 131.18 -33.93 L 131.04 -34.05 L 130.92 -33.91 L 130.88 -33.94 L 130.92 -34.01 L 130.86 -34.11 L 130.92 -34.18 L 130.87 -34.28 L 130.89 -34.34 L 131.03 -34.38 L 130.95 -34.42 L 131.13 -34.41 L 131.17 -34.37 L 131.17 -34.43 L 131.28 -34.41 L 131.23 -34.42 L 131.21 -34.37 L 131.41 -34.42 L 131.62 -34.66 L 131.68 -34.67 L 131.68 -34.45 L 131.77 -34.42 L 131.77 -34.31 L 131.95 -34.31 L 132.05 -34.46 L 132.13 -34.25 L 132.24 -34.19 Z|M 132.24 -33.79 L 132.27 -33.77 L 132.19 -33.78 L 132.24 -33.79 Z|M 132.24 -33.87 L 132.19 -33.92 L 132.23 -33.95 L 132.33 -33.9 L 132.47 -33.94 L 132.37 -33.84 L 132.32 -33.88 L 132.24 -33.87 Z",34.2154,131.645,"Yamaguchi Prefecture|Yamaguti"
yamanashi,Yamanashi,Chubu,M 138.36 -35.96 L 138.45 -35.89 L 138.63 -35.85 L 138.72 -35.9 L 138.92 -35.84 L 139.12 -35.65 L 139.1 -35.53 L 138.83 -35.36 L 138.7 -35.35 L 138.54 -35.42 L 138.51 -35.19 L 138.42 -35.17 L 138.34 -35.29 L 138.24 -35.3 L 138.24 -35.52 L 138.17 -35.7 L 138.22 -35.85 L 138.28 -35.85 L 138.36 -35.96 Z,35.6149,138.645,"Yamanashi Prefecture|Yamanasi"
